"model","reference","task","horizon","diff_log_score.mean","diff_log_score.se","diff_log_score.t","diff_log_score.q025","diff_log_score.q975","diff_rps.mean","diff_rps.se","diff_rps.t","diff_rps.q025","diff_rps.q975","diff_rmse_proxy.mean","diff_rmse_proxy.se","diff_rmse_proxy.t","diff_rmse_proxy.q025","diff_rmse_proxy.q975"
"inad_constrained_alpha","nb_glm","recursive_multi_step",1,-0.028339923, 0.038169857,-0.742468683,-0.562423623, 0.239912872,-0.0283844572, 0.0421273189,-0.6737779182,-0.9481484249, 0.4528192460, -0.17725085,  0.41798225, -0.42406309,-10.66708176,  6.31500697
"inad_unconstrained","nb_glm","recursive_multi_step",1,-0.007978888, 0.037846220,-0.210823920,-0.525217753, 0.278998495,-0.0067866919, 0.0389427792,-0.1742734336,-0.4981225035, 0.5296990612,  0.06554931,  0.37852495,  0.17317038, -5.26357050,  6.43319585
"inad_constrained_alpha","nb_glmm","recursive_multi_step",1,-0.048940607, 0.054374183,-0.900070660,-0.995037979, 0.484378009,-0.0682375595, 0.1062732590,-0.6420952945,-2.0694821603, 1.0303991143, -0.63026543,  1.55499070, -0.40531782,-27.17133540, 12.32713010
"inad_unconstrained","nb_glmm","recursive_multi_step",1,-0.028579572, 0.048963804,-0.583687737,-0.787042532, 0.403207020,-0.0466397942, 0.0871639275,-0.5350813749,-1.6098764989, 0.8009624782, -0.38746528,  1.31164607, -0.29540383,-20.45964527,  9.75846625
"inad_constrained_alpha","poisson_glm","recursive_multi_step",1,-0.179011836, 0.083396637,-2.146511454,-1.591263764, 0.506907510,-0.0716970761, 0.0508610254,-1.4096663504,-1.2242056219, 0.3635187994, -0.13759134,  0.50226854, -0.27393980,-13.33927221,  7.27858266
"inad_unconstrained","poisson_glm","recursive_multi_step",1,-0.158650801, 0.085417616,-1.857354599,-1.656462094, 0.539669093,-0.0500993108, 0.0507319509,-0.9875297500,-0.9144159725, 0.4023831624,  0.10520882,  0.43321139,  0.24285792, -7.69984618,  6.67361814
"inad_constrained_alpha","tscount_tsglm","recursive_multi_step",1,-0.023344385, 0.040751878,-0.572841951,-0.503527071, 0.354013267,-0.0217864431, 0.0548556218,-0.3971597140,-1.3568842012, 0.6200315719, -0.01811454,  0.59924649, -0.03022886,-15.27945898,  6.32061197
"inad_unconstrained","tscount_tsglm","recursive_multi_step",1,-0.002983351, 0.038696241,-0.077096655,-0.489269169, 0.316495616,-0.0001886777, 0.0448071913,-0.0042108805,-0.5953056783, 0.5658671564,  0.22468562,  0.44316694,  0.50699995, -8.11920370,  7.49715903
"inad_constrained_alpha","nb_glm","rolling_one_step",1, 0.016672217, 0.016468146, 1.012391895,-0.181594701, 0.371834339,-0.0016658550, 0.0243274826,-0.0684762597,-0.3363023175, 0.4258375669, -0.14043258,  0.31912963, -0.44004872, -4.85794969,  4.35609686
"inad_unconstrained","nb_glm","rolling_one_step",1, 0.022609935, 0.014391386, 1.571074151,-0.161251347, 0.283197443, 0.0099067561, 0.0206811594, 0.4790232476,-0.2817194297, 0.4246864468,  0.13586104,  0.38097790,  0.35661135, -4.62742902,  5.62367874
"inad_constrained_alpha","nb_glmm","rolling_one_step",1,-0.058818701, 0.029540684,-1.991108304,-0.659189242, 0.295854027,-0.1576848875, 0.0716935727,-2.1994285058,-1.8067047598, 0.5091932962, -2.88411237,  1.35598157, -2.12695543,-35.55208914,  5.96212573
"inad_unconstrained","nb_glmm","rolling_one_step",1,-0.052880982, 0.027847810,-1.898927897,-0.601412389, 0.230062854,-0.1461122764, 0.0669152141,-2.1835434345,-1.8270681107, 0.4077901262, -2.60781874,  1.23575580, -2.11030265,-33.70945761,  5.38692342
"inad_constrained_alpha","poisson_glm","rolling_one_step",1,-0.180505598, 0.033343161,-5.413571821,-0.748876390, 0.253063001,-0.0807786310, 0.0274696452,-2.9406506840,-0.5862706506, 0.2619468594, -0.03660148,  0.29809576, -0.12278430, -4.87214305,  4.61189159
"inad_unconstrained","poisson_glm","rolling_one_step",1,-0.174567880, 0.033717645,-5.177344948,-0.726767883, 0.259255213,-0.0692060198, 0.0282479645,-2.4499471428,-0.5242056623, 0.2810642447,  0.23969215,  0.37480171,  0.63951723, -3.58177413,  5.69653682
"inad_constrained_alpha","tscount_tsglm","rolling_one_step",1, 0.002971586, 0.018217493, 0.163117171,-0.188736981, 0.368691601,-0.0398238412, 0.0268519720,-1.4830881407,-0.3901194758, 0.3759312705, -0.75536343,  0.36886698, -2.04779354, -6.02471741,  4.93075948
"inad_unconstrained","tscount_tsglm","rolling_one_step",1, 0.008909304, 0.016429592, 0.542271760,-0.160026643, 0.319701371,-0.0282512301, 0.0253013911,-1.1165880183,-0.3913373243, 0.4037535667, -0.47906980,  0.47139291, -1.01628554, -7.73328689,  7.92724903
"inad_constrained_alpha","nb_glm","recursive_multi_step",2, 0.045321188, 0.016302586, 2.779999958,-0.133534216, 0.372194465, 0.0395939323, 0.0294444411, 1.3446997377,-0.3532324015, 0.5912594280,  0.28738977,  0.46561672,  0.61722391, -5.72621003,  8.41630618
"inad_unconstrained","nb_glm","recursive_multi_step",2, 0.048472465, 0.016033011, 3.023291482,-0.222004741, 0.273947638, 0.0355003529, 0.0338617962, 1.0483895396,-0.7195570718, 0.6318996375,  0.18696451,  0.52953845,  0.35307069,-12.92313454,  9.85974616
"inad_constrained_alpha","nb_glmm","recursive_multi_step",2,-0.016307852, 0.042779482,-0.381207317,-1.143051453, 0.480477580,-0.0478779233, 0.0879297628,-0.5445019048,-2.3492521541, 1.1931769322, -1.14470209,  1.53518124, -0.74564622,-43.83578064, 17.59425003
"inad_unconstrained","nb_glmm","recursive_multi_step",2,-0.013156575, 0.057809929,-0.227583305,-1.541807123, 0.644247652,-0.0519715027, 0.1223675566,-0.4247163560,-3.2074427530, 1.8315797147, -1.24512735,  2.10781879, -0.59071841,-55.60174355, 32.90839517
"inad_constrained_alpha","poisson_glm","recursive_multi_step",2,-0.212655705, 0.094796128,-2.243295265,-2.139720682, 0.593664482,-0.1103672476, 0.0722417806,-1.5277481629,-1.3792210210, 0.6276071209,  0.22698714,  0.55495749,  0.40901717, -8.85952375,  9.56612829
"inad_unconstrained","poisson_glm","recursive_multi_step",2,-0.209504428, 0.102012856,-2.053706135,-2.180255550, 0.606460033,-0.1144608270, 0.0656094919,-1.7445772509,-1.2416471744, 0.5770258813,  0.12656188,  0.42969999,  0.29453544, -8.14659903,  7.54465403
"inad_constrained_alpha","tscount_tsglm","recursive_multi_step",2, 0.041126578, 0.022299564, 1.844277194,-0.123538296, 0.500940570, 0.0275108698, 0.0302444611, 0.9096167959,-0.3057901242, 0.6072243222,  0.07952342,  0.48589426,  0.16366405, -6.81708943,  9.90812026
"inad_unconstrained","tscount_tsglm","recursive_multi_step",2, 0.044277855, 0.021212571, 2.087340312,-0.235074766, 0.440743119, 0.0234172904, 0.0425599725, 0.5502186446,-0.9786092855, 0.7438057151, -0.02090184,  0.67119037, -0.03114145,-17.45267645, 10.28074445
"inad_constrained_alpha","nb_glm","recursive_multi_step",3, 0.030749491, 0.011541595, 2.664232310,-0.191184691, 0.147004279, 0.0055434228, 0.0161085713, 0.3441287686,-0.2459879568, 0.2028987543, -0.06286041,  0.17811633, -0.35291770, -2.76180745,  2.47568452
"inad_unconstrained","nb_glm","recursive_multi_step",3, 0.018348200, 0.016710371, 1.098012762,-0.238219019, 0.211152206,-0.0169444280, 0.0274086363,-0.6182149239,-0.3318397609, 0.4002737715, -0.30733138,  0.35865330, -0.85690381, -4.29839757,  5.97773599
"inad_constrained_alpha","nb_glmm","recursive_multi_step",3,-0.010555647, 0.040035819,-0.263655086,-0.801822811, 0.282117542,-0.0709743765, 0.0716452902,-0.9906356203,-1.6709773344, 0.7077691389, -1.63016743,  1.33174383, -1.22408484,-31.64130894,  9.71317519
"inad_unconstrained","nb_glmm","recursive_multi_step",3,-0.022956939, 0.038143630,-0.601855114,-0.741933180, 0.245327660,-0.0934622273, 0.0644012853,-1.4512478572,-1.3989235606, 0.5851461181, -1.87463840,  1.26349540, -1.48369230,-24.09456637,  7.86038822
"inad_constrained_alpha","poisson_glm","recursive_multi_step",3,-0.171830537, 0.100351965,-1.712278751,-1.976920622, 0.630153516,-0.1007518955, 0.0650903881,-1.5478767054,-1.0675367321, 0.5553045880,  0.10059676,  0.27076255,  0.37153129, -4.24723825,  3.89991615
"inad_unconstrained","poisson_glm","recursive_multi_step",3,-0.184231828, 0.103900559,-1.773155308,-2.059436648, 0.626871836,-0.1232397463, 0.0745187188,-1.6538092482,-1.2108233127, 0.5904274820, -0.14387421,  0.42396580, -0.33935334, -5.46696111,  7.78743759
"inad_constrained_alpha","tscount_tsglm","recursive_multi_step",3, 0.020174703, 0.011909487, 1.694002644,-0.153212533, 0.254173296,-0.0136432574, 0.0168691332,-0.8087705109,-0.2903939310, 0.1905560098, -0.30749721,  0.20585027, -1.49379069, -3.21034164,  2.91452778
"inad_unconstrained","tscount_tsglm","recursive_multi_step",3, 0.007773412, 0.016055393, 0.484162058,-0.172342160, 0.290505243,-0.0361311082, 0.0275140424,-1.3131879236,-0.3498915375, 0.4297678784, -0.55196818,  0.38899322, -1.41896607, -4.62753286,  6.62157922
"inad_constrained_alpha","nb_glm","recursive_multi_step",4,-0.080074030, 0.073230614,-1.093450215,-1.170576371, 0.581735426,-0.0053529041, 0.1018808340,-0.0525408348,-1.1771373655, 1.1013771776,  0.60868799,  1.05119242,  0.57904526,-11.14860392, 17.36277586
"inad_unconstrained","nb_glm","recursive_multi_step",4,-0.115400582, 0.058826587,-1.961707926,-1.035535074, 0.354808532,-0.0789577291, 0.0502178232,-1.5723048912,-0.8046679116, 0.5499553571, -0.53810352,  0.51603254, -1.04277051, -7.82571960,  5.83918760
"inad_constrained_alpha","nb_glmm","recursive_multi_step",4,-0.207269293, 0.079486714,-2.607596701,-1.302955748, 0.546045768,-0.1059271171, 0.0680884805,-1.5557274352,-1.0214226079, 0.7439336987, -0.71794914,  0.53724617, -1.33635041, -9.38181783,  6.41537459
"inad_unconstrained","nb_glmm","recursive_multi_step",4,-0.242595845, 0.081077999,-2.992129159,-1.448506217, 0.462990221,-0.1795319421, 0.0906234149,-1.9810767705,-2.0630254428, 0.5385980193, -1.86474065,  1.64775129, -1.13168817,-32.27930468, 15.46138514
"inad_constrained_alpha","poisson_glm","recursive_multi_step",4,-0.665191466, 0.188130969,-3.535789300,-3.720366169, 0.930584715,-0.2308560124, 0.1630018061,-1.4162788617,-2.3284298532, 1.2986042135,  0.69311976,  1.44850327,  0.47850755,-16.24149990, 25.82148395
"inad_unconstrained","poisson_glm","recursive_multi_step",4,-0.700518017, 0.175452917,-3.992626791,-3.512478732, 0.825403161,-0.3044608374, 0.1063075855,-2.8639615499,-1.5522655077, 0.8228776656, -0.45367175,  0.39636257, -1.14458777, -6.04455451,  4.92121414
"inad_constrained_alpha","tscount_tsglm","recursive_multi_step",4,-0.058547059, 0.071627487,-0.817382565,-1.126893363, 0.659079057,-0.0116697514, 0.1158324629,-0.1007468119,-1.2764844672, 1.3075039065,  0.32090001,  1.34626961,  0.23836236,-14.45346051, 22.64645726
"inad_unconstrained","tscount_tsglm","recursive_multi_step",4,-0.093873611, 0.053969925,-1.739368924,-1.009565811, 0.354382152,-0.0852745764, 0.0559680696,-1.5236290450,-0.9061657615, 0.6923903084, -0.82589150,  0.48311238, -1.70952253, -6.85701228,  5.54224603
