"heldout_subject","heldout_group","model","log_score","rps","squared_error","absolute_error","error","pit"
1,1,"cgfm_independent",2.25065584789126,1.48683703662258,7.43443346805939,2.1448922527265,2.14280172209942,0.345641897440656
2,1,"cgfm_independent",2.40476650459227,1.45918716795828,5.53353311635888,1.96072930745276,1.01405707779883,0.455421760571172
3,1,"cgfm_independent",2.549421255263,1.82533748003017,10.0004901422179,2.59282689313724,0.264804907862687,0.490025382692743
4,1,"cgfm_independent",2.32494765802342,1.81719513151195,10.6068896331495,3.07317699355321,2.33144192770722,0.312047994148054
5,1,"cgfm_independent",2.56080166053192,1.48366214912049,3.7562866202604,1.51092512543275,-0.299504626969361,0.560222311985372
6,1,"cgfm_independent",2.47075128210904,1.25387557864159,2.00787627386419,1.13660631131837,-0.115497738503104,0.563237046028017
7,1,"cgfm_independent",2.3678405073843,1.23656039801473,2.51441036514714,1.36113926969016,0.55002542208666,0.492879952846616
8,1,"cgfm_independent",2.80037918691378,2.33799959510167,17.4694611016611,3.38275752372337,-1.6167584008452,0.59731617843211
9,1,"cgfm_independent",2.7035467274606,1.80014820443972,7.37172954249367,2.45094771227995,-1.23796996975247,0.614571180970048
10,1,"cgfm_independent",2.4725975359403,1.99320832625878,10.9553440218796,2.949684661368,1.68067668009412,0.344196554334526
11,1,"cgfm_independent",2.183794398298,1.3009193309727,5.20872547745279,2.04893312822335,2.04893312822335,0.354239779044186
12,1,"cgfm_independent",2.72641606499739,2.45003652094948,19.2165698887603,3.81995828814911,-0.0267895493728479,0.477562795154892
13,1,"cgfm_independent",2.33658554019555,1.30581119118992,3.34039669313494,1.56844653427072,0.719603157418732,0.46323961544009
14,1,"cgfm_independent",2.61179388635888,1.89189532510524,10.5603540478039,2.68716394887413,-0.866115779198698,0.552823955448108
15,1,"cgfm_independent",2.38249964114671,1.64633767235309,8.8609198058014,2.41488931019606,1.38552395894809,0.409047864891143
16,1,"cgfm_independent",2.39088070175168,1.54077162282682,6.40609623039509,1.81989464929504,1.29590002874858,0.418905069830857
17,1,"cgfm_independent",2.41556687509279,2.3111763252214,17.2388051355401,3.81682106960759,3.46070372528919,0.196891598083233
18,1,"cgfm_independent",2.41707642326217,1.28258153578288,2.91565887798413,1.11744457883023,0.453283758302606,0.517048307451606
19,1,"cgfm_independent",2.48237101993695,1.52647498776806,5.98367201207776,1.88148984413583,0.253284753604494,0.506299690519835
20,1,"cgfm_independent",2.29346948809059,1.61426092188018,7.50857677178856,2.38233140198231,2.14515054647533,0.320842550654906
21,1,"cgfm_independent",2.39496283873356,1.29708169105841,3.42441418352005,1.52236284133981,0.259049941691716,0.510385609001617
22,1,"cgfm_independent",4.60986525334068,6.63000454268562,90.044075605659,8.9479493550755,-8.9479493550755,0.910002946961745
23,1,"cgfm_independent",2.55281106090992,1.69466548617175,7.71682123567595,2.16207323082132,0.449223165105417,0.504956244719154
24,1,"cgfm_independent",2.78181775168147,2.38311863376903,17.5738453081497,3.41671285877627,-0.394437322447017,0.52912936451726
25,1,"cgfm_independent",2.75436110536393,2.11332995238756,12.5878251134825,3.04300865679499,-1.33117276968714,0.593858305228293
26,1,"cgfm_independent",2.56881879646639,2.74504842665361,22.280061812141,4.45095978498519,3.72313719677055,0.160321175501894
27,1,"cgfm_independent",2.92971270705632,2.4274413030414,17.0597029633893,3.23362869798891,-1.89634903683873,0.640012567346855
28,1,"cgfm_independent",2.28460898557404,1.78344605638956,10.460443800765,2.8478482540874,2.80106733007855,0.26538586716426
29,1,"cgfm_independent",2.68671410649068,1.78752991159217,8.37289303646273,2.18155623178215,-0.955808418810634,0.598269707276941
30,1,"cgfm_independent",4.08784016506058,5.54981301518078,76.6829486183103,7.44926815748756,-7.44926815748756,0.85952311203332
31,2,"cgfm_independent",2.53122364873491,2.47720777253573,20.8556245016558,4.26871122568942,4.26871122568942,0.217709889119348
32,2,"cgfm_independent",2.47256908611311,2.07240175939117,14.9762882754166,3.52140294168964,3.52140294168964,0.283408621217212
33,2,"cgfm_independent",2.55198619055423,2.61117733112138,23.5128559301113,4.48682388962213,4.26809354013617,0.21742407606212
34,2,"cgfm_independent",2.6303960530478,2.65166021596164,25.0107377551491,4.41503296096177,4.17928820158919,0.248435317508125
35,2,"cgfm_independent",4.22708493761914,6.60588889248462,103.645260524065,9.18876034878003,-9.18876034878003,0.872188298381265
36,2,"cgfm_independent",3.99672529426947,5.30253185634672,65.2841411314042,7.4073902914614,-6.86506123124582,0.819638440795024
37,2,"cgfm_independent",2.78894881569278,2.8451023326345,24.8920671700068,4.32111581463574,2.30516547741183,0.328264439860754
38,2,"cgfm_independent",2.93444341170403,2.17544024415205,11.5056029555708,2.19765369133923,-1.33349148696005,0.611766939458937
39,2,"cgfm_independent",3.13805931089775,3.11528876285155,29.0907252695708,4.32216864751939,-2.37148288837576,0.605713508653718
40,2,"cgfm_independent",2.68760449618619,2.77409306563301,26.7742009159262,4.4381453222396,4.35816787203504,0.240547347691507
41,2,"cgfm_independent",3.1018311912855,2.87737476809782,25.0797409227525,3.58399063717723,-1.4313824489196,0.587402331959498
42,2,"cgfm_independent",3.68167173557096,5.1191686414456,83.9373436972508,6.87262324666707,-6.39546461505117,0.756814362142448
43,2,"cgfm_independent",2.87825877498064,2.12278110135799,10.7361640040441,2.57032547998611,-1.1500091787731,0.590217431437485
44,2,"cgfm_independent",2.6795315989398,1.75108843981327,6.14302306819331,2.20734505601837,0.813066990350183,0.491401651237103
45,2,"cgfm_independent",2.78259001619125,3.15486213871716,31.9427258992332,5.26137427348376,3.79451124186155,0.237165780282943
46,2,"cgfm_independent",2.66396044044261,2.16793166947947,12.5859010671199,3.2023710497359,2.40017277126914,0.351221416742635
47,2,"cgfm_independent",4.1647032646654,6.64999562078805,115.30830492399,8.75249722442652,-7.61522081862451,0.755078496469639
48,2,"cgfm_independent",2.5934369775693,2.17882311006251,15.0857856045499,3.36507829711283,2.96793224932957,0.321169114490445
49,2,"cgfm_independent",3.70362593158357,5.25780867025188,84.6546617598886,6.91656719455403,-5.36225760003995,0.689453352741982
50,2,"cgfm_independent",2.67653680463282,2.48119134862333,21.4124473058683,3.80799562449458,2.66709705075928,0.350655554143071
51,2,"cgfm_independent",3.17738763684783,2.82012565619522,20.6542308158813,3.70663998828851,-2.54905488358668,0.661793429855636
52,2,"cgfm_independent",3.83839569180474,6.12096944846533,124.076592147088,8.07392360812775,-7.14476664296308,0.736534562238283
53,2,"cgfm_independent",2.75343229665342,3.11565102957802,30.6664517689521,5.27835864407005,4.46036399405525,0.210391526249768
54,2,"cgfm_independent",2.53814398601721,2.5061036426905,21.0836402330992,4.3680044412342,4.3680044412342,0.207884684502375
55,2,"cgfm_independent",3.15947469539748,3.30297876189613,31.4636614205661,4.94006134420641,-0.778553401304958,0.53530147732279
56,2,"cgfm_independent",3.11624684430549,2.64768985186956,19.4413075180317,3.41180420981224,-2.55663598053493,0.670500292071788
57,2,"cgfm_independent",2.58362449786485,2.27475192610203,16.9908446539629,3.71651553241096,2.68699567603959,0.327320026856871
58,2,"cgfm_independent",3.46679631393268,3.95377254914417,49.1460708453696,4.78242820733425,-4.70048726417046,0.731766726503123
59,2,"cgfm_independent",2.79797096516842,2.54533219870662,18.8486979443657,3.69590142954874,1.55010759768939,0.417780099464084
60,2,"cgfm_independent",2.55809016321262,2.44411862247134,19.1733243373261,4.18148548671168,4.18148548671168,0.218539335576155
61,2,"cgfm_independent",2.62667723004321,2.57456411999915,21.7517836872548,4.19077484384069,4.08838278929976,0.233379006951274
62,2,"cgfm_independent",3.13220196704247,2.95272116548906,25.6789096451436,3.84929605567968,-1.63463525485148,0.602121164429875
63,2,"cgfm_independent",2.7003068685125,1.82933523048233,7.35073328354614,2.03821281443165,1.08737837081981,0.469088802165174
64,2,"cgfm_independent",3.24458885704397,3.30139525951254,34.2689514561214,4.37735476197013,-3.20286056009048,0.671886092412954
65,2,"cgfm_independent",2.5778922625139,2.54660640210769,22.3858667325116,4.31885439037235,3.98165750662661,0.255901005459659
1,1,"cgfm_shared",1.98200000839614,1.01893240740998,2.79535815656881,1.49925748159954,0.150494890204752,0.487673874054762
2,1,"cgfm_shared",2.29620202597079,1.24390863195986,4.35177700775875,1.66840057196417,-0.337277680416321,0.534174569209161
3,1,"cgfm_shared",2.75164226682251,1.95046538088896,11.3765570650412,2.70312086905464,-0.241783722915021,0.483711750039432
4,1,"cgfm_shared",2.25972047867413,1.31420971517394,5.05607762670572,1.82305933129186,0.216817043199706,0.418022948169946
5,1,"cgfm_shared",2.34835133071443,1.25683873522197,4.11543314500891,1.41985561290177,0.287139818570545,0.473306960273178
6,1,"cgfm_shared",2.07082508953834,1.01545962588189,2.54255550510886,1.25182445542834,0.324258532635362,0.468745691018842
7,1,"cgfm_shared",2.1517051168214,1.11454572321123,3.60367878105304,1.48104865674529,-0.763743163194354,0.586840478649493
8,1,"cgfm_shared",2.9433937286654,2.43324536074463,16.3330645966892,3.42633330510045,0.310815753783697,0.449598183544327
9,1,"cgfm_shared",2.50823112660085,1.61724251379366,7.36956281228442,2.12463158813252,-0.155190677145803,0.502715726355664
10,1,"cgfm_shared",2.85828019547733,2.11195341585944,10.8559741899353,3.02455919011821,-0.1527300636719,0.427944155080443
11,1,"cgfm_shared",1.76575518081867,0.76591157565822,1.40849041264428,1.04928417117193,0.261399055480133,0.471448758535437
12,1,"cgfm_shared",3.46304879537385,3.17382890055223,24.5613125736449,4.41333337057258,0.593609604967828,0.406064809323572
13,1,"cgfm_shared",2.71941560702527,2.36696824463977,14.4450283421889,3.58499939404484,3.58499939404484,0.123863352518883
14,1,"cgfm_shared",2.67458757485809,2.0187052284647,10.3643966410252,2.84029570987825,2.04708929876329,0.259909545922225
15,1,"cgfm_shared",2.44391720721223,1.66151892963066,10.436998837898,2.13915326968801,1.73029671501713,0.312760412161162
16,1,"cgfm_shared",2.42918588361616,1.49666906985731,6.91453026055945,2.08247337925815,0.280970140022713,0.472352977491976
17,1,"cgfm_shared",2.28142931685496,1.53740257660237,6.85885154378258,2.19467824021421,1.25600909211541,0.299754304500006
18,1,"cgfm_shared",2.20095967873547,1.15645362960405,3.58533454937086,1.76101371116235,-1.06753257664179,0.653956860099351
19,1,"cgfm_shared",2.57254717888394,1.90435050089073,10.3625646321505,2.77673579754144,1.27252276633969,0.341298514755236
20,1,"cgfm_shared",2.17638515207262,1.25674891561792,4.29808471697807,1.74182217571191,0.488344433970057,0.405544789765528
21,1,"cgfm_shared",2.17432702103972,1.33822125868775,5.24391217913122,1.830512051792,1.46781313331131,0.318601026975625
22,1,"cgfm_shared",3.28025563791268,2.99096141230614,25.4313730009361,4.42714441961622,-3.62722380801123,0.745012446210813
23,1,"cgfm_shared",2.68290511002919,1.75102000279417,8.2640190401911,2.53966305407577,-1.09827031784258,0.620213337891709
24,1,"cgfm_shared",3.04508149069867,2.58003290328886,22.6658551894143,3.45628770622772,-1.25883078465743,0.552840994064885
25,1,"cgfm_shared",2.79996473344299,2.07202288902853,12.6697216564357,2.83213386175343,-0.44433971251241,0.510997258927394
26,1,"cgfm_shared",3.82266253582719,3.60877172272936,34.1111152814313,4.64353492575689,4.64353492575689,0.0948141870592592
27,1,"cgfm_shared",3.0807960296975,2.42225936482668,17.0865760093301,3.19763005899802,-1.28395251585585,0.571628806491373
28,1,"cgfm_shared",2.0839127574476,1.19786738857695,3.81951269566403,1.63817854453438,0.997168999138177,0.330184661602729
29,1,"cgfm_shared",2.63326330728598,1.72099221052978,9.52396264748972,2.37701685240987,-1.424590794451,0.625026352034895
30,1,"cgfm_shared",2.95028434470105,2.58355040149305,20.6079899251023,3.54772628266143,0.93565235037879,0.381582159093308
31,2,"cgfm_shared",2.2024248689611,1.4254745499533,5.55277678656672,1.89167309822699,1.87917632489805,0.240253432879341
32,2,"cgfm_shared",2.03786928329885,1.15144563156874,3.60709714021822,1.69835984138753,0.993134202204049,0.349086565983723
33,2,"cgfm_shared",2.36158646332229,1.7063781088614,8.58455054177192,2.41227399168164,1.7905215544738,0.263135129298869
34,2,"cgfm_shared",2.37890093359277,1.35257798122016,5.27185533408458,1.88528962871709,-0.617735222074121,0.562855442026778
35,2,"cgfm_shared",3.53593634993469,3.81730919559679,42.3525434076707,5.40452188665516,-3.87720433249873,0.683535524296616
36,2,"cgfm_shared",3.55217532608224,3.49328366462795,33.1944849029443,4.89460792421295,-3.25846839329383,0.727765209408752
37,2,"cgfm_shared",3.53555645498836,3.24042096498707,27.5057658662075,4.37156901398328,2.17782683157783,0.268708855272411
38,2,"cgfm_shared",2.72080854754401,2.04044707536198,18.6274178793588,2.40076805816337,-2.2211549642814,0.643649961486592
39,2,"cgfm_shared",3.36297936131317,3.02871492182808,23.5589893643702,4.22193785332963,1.2609188053744,0.378431222564461
40,2,"cgfm_shared",2.77044513668644,1.88621988714863,9.93564232806914,2.45900845022158,0.893415994218301,0.429960487943705
41,2,"cgfm_shared",3.45783746942563,3.03039772582404,29.7335911876539,3.90683091740288,-3.62464401754544,0.732879967704643
42,2,"cgfm_shared",3.45338202378559,3.71953428225456,36.3923446806158,5.40592218980645,2.06908076724844,0.354394732632338
43,2,"cgfm_shared",2.62947963815648,1.89752313749926,10.8281972869428,2.60219356178046,0.144901162551953,0.453467715731942
44,2,"cgfm_shared",2.44096419629276,1.52094746202995,6.67657740933695,2.219170698829,-1.03940832050393,0.600764745045451
45,2,"cgfm_shared",3.49254833787364,3.30877342311141,31.2610303575537,4.36166611317629,3.17792212511012,0.230630578133425
46,2,"cgfm_shared",2.74817774777226,1.89837580472917,8.75600617785198,2.62596187678025,1.22115169296958,0.329981982775763
47,2,"cgfm_shared",4.56013392254019,5.75583840137834,74.944620091387,7.68155407392783,-3.46206196551616,0.599411846268226
48,2,"cgfm_shared",2.54855378860144,1.66367681537852,9.87786292530437,2.19881594077213,-1.21600482937487,0.569458728385989
49,2,"cgfm_shared",4.18217514009144,5.28775535589121,72.9400062889928,6.95088122275037,-3.34642596265652,0.564429230529151
50,2,"cgfm_shared",3.12279688480444,3.07502505559812,31.6030517755218,3.96575369395804,3.7794504593783,0.213287959835631
51,2,"cgfm_shared",3.62482302158541,3.23204426528283,27.5542849864728,4.47834582468353,-3.03809529695971,0.673458864976335
52,2,"cgfm_shared",4.2943834407452,5.71422293185551,83.0665318394834,7.36510164077572,1.81519354758438,0.336092468776242
53,2,"cgfm_shared",2.4628928062097,1.62871778733025,9.27195828994984,2.21441593142318,-0.592344570806306,0.505233609520663
54,2,"cgfm_shared",1.97206318916672,1.0593186291218,3.17882688206421,1.53390459029899,0.145142603534959,0.45180289524654
55,2,"cgfm_shared",4.02119366139407,3.84760374680231,36.7477899733495,5.22337175577757,-2.40241870538083,0.573834745680816
56,2,"cgfm_shared",2.75506577575768,2.14177182354975,16.7290538451276,3.09542360867346,-1.56680384985873,0.592497397852087
57,2,"cgfm_shared",2.32941530367542,1.70197790079879,13.8760676035715,2.25853430666655,-0.573498431649786,0.452917494422762
58,2,"cgfm_shared",3.24679687361465,3.56951205252434,43.8107183604737,5.09162424687881,-2.23132680889048,0.573619765828823
59,2,"cgfm_shared",3.46987381474946,3.02968014209915,23.4243437426349,4.20678103175113,0.439040538635565,0.471066161049376
60,2,"cgfm_shared",2.07568496334015,1.15337163414713,3.32205006433367,1.69528980014708,0.731876230521716,0.357741519545422
61,2,"cgfm_shared",2.35985339730262,1.49860968131012,6.22464119056475,2.12551319759433,0.442381750043352,0.405113707196658
62,2,"cgfm_shared",3.32097630467335,3.35871710629126,35.6493785075749,4.69546507843553,0.96212512393312,0.435071564819726
63,2,"cgfm_shared",2.57237602716629,1.69381889087594,8.24336755259332,2.34638676757633,1.17424600801375,0.390975039444971
64,2,"cgfm_shared",3.30811818534435,3.38576128084353,40.1706792214926,4.44278951076558,-3.2696303596965,0.655051284162265
65,2,"cgfm_shared",2.74827840391798,2.16333625645873,12.4587030955094,3.05881753455299,1.87434954855612,0.294014955883411
1,1,"cgfm_time_varying",2.16154033035084,1.31051518684369,4.4331631817093,1.68519455057144,0.885503093213058,0.426022724002436
2,1,"cgfm_time_varying",2.53629639853997,1.68382853159889,6.93345664195267,2.26434545565989,0.291690504531347,0.463282005109705
3,1,"cgfm_time_varying",2.86523250261078,2.39699444172796,16.9611753164166,3.268453839142,-0.0120880535109638,0.472007586752907
4,1,"cgfm_time_varying",2.25898530559898,1.54554984216641,6.85323079041751,2.07645075269252,0.989834393576949,0.385390131754779
5,1,"cgfm_time_varying",2.5429115420089,1.61248346757866,5.7992549242022,1.77872970814052,0.125385304264467,0.5081342481795
6,1,"cgfm_time_varying",2.33142281599015,1.26492568782174,2.90607805046331,1.39803798857923,-0.00969392771841764,0.520460287179249
7,1,"cgfm_time_varying",2.28197407984794,1.26648202795356,3.38568477356006,1.60734933760548,-0.158795205518943,0.534854237059198
8,1,"cgfm_time_varying",3.04703628778296,2.83322487142767,22.1089014947352,4.06093519027256,-0.453683286646014,0.520940757228556
9,1,"cgfm_time_varying",2.71107112710314,1.89821932462523,8.82752211709025,2.22911512547315,-0.565339528438734,0.533436303705587
10,1,"cgfm_time_varying",2.7285157308464,2.35406682798571,14.5901446531829,3.35483984655001,0.627386046724871,0.400831670755392
11,1,"cgfm_time_varying",1.9790251221815,0.964602362054774,1.3295902683462,0.899326644630703,0.756979513243867,0.425290202224852
12,1,"cgfm_time_varying",2.96258070841711,2.75241317484453,23.4970405211347,3.79970065302384,-0.257784370846533,0.495972746254917
13,1,"cgfm_time_varying",2.23098606402051,1.37992020798482,4.81698798207099,1.72908146011841,1.05752483424808,0.408926405832063
14,1,"cgfm_time_varying",2.33068625103827,1.41521462942121,4.64521595051794,1.82064055689132,0.0378406100242959,0.490361236063348
15,1,"cgfm_time_varying",2.335435996926,1.50370883304086,8.27296945416045,1.67936603918521,0.829531056629964,0.459765068971391
16,1,"cgfm_time_varying",2.44538161621137,1.6325622748867,7.17401955249087,1.8762130347224,0.639573021641539,0.439641556152127
17,1,"cgfm_time_varying",2.11959706305368,1.68632352311195,7.95976493665749,2.43893527192125,1.50848657068895,0.298632326732732
18,1,"cgfm_time_varying",2.29194895789681,1.23920577484634,2.73692250358672,1.31600371742285,-0.0158579969362699,0.515965505036847
19,1,"cgfm_time_varying",2.63586732021308,2.02490900411511,11.2978970750955,2.78064863669176,0.417627764174255,0.464412775569172
20,1,"cgfm_time_varying",2.1158969218264,1.35265158377974,4.22921893224038,1.80633576212298,0.946438409851767,0.373907823148338
21,1,"cgfm_time_varying",2.25154255877326,1.30332223623311,4.38253370960251,1.49229832878747,0.469384955276008,0.475971733382308
22,1,"cgfm_time_varying",3.37787556531342,3.21976398302631,30.5326328762853,4.61587781564696,-4.14509402182011,0.728033101316086
23,1,"cgfm_time_varying",2.44466338734129,1.60164615747897,6.56242992740015,2.19725966076147,-0.20313954215193,0.506125588436734
24,1,"cgfm_time_varying",2.73441033157187,2.34095373842983,20.2506294082421,3.06700713638775,-0.487165063390318,0.461288838052385
25,1,"cgfm_time_varying",2.53365835893921,1.77740943545435,9.44736727514174,2.24145117421195,-0.504495665042833,0.513459356129562
26,1,"cgfm_time_varying",2.12954240584742,1.80510748354034,10.5433577476568,2.56441753061258,2.33321134814861,0.216933454448538
27,1,"cgfm_time_varying",3.00910056103189,2.63810765399773,20.626329711806,3.67497875490382,-0.961706018536355,0.531889527041294
28,1,"cgfm_time_varying",2.10072985951218,1.38991622158756,4.83115080356974,1.82685027014996,1.29525951824082,0.350527405614339
29,1,"cgfm_time_varying",2.75962109266466,2.0751230028212,11.1678328043999,3.01928541142009,-0.717773996009231,0.563403069890163
30,1,"cgfm_time_varying",2.95462193140783,2.38378339626767,17.642859137682,3.01888332992212,-2.54632585358246,0.648336024842169
31,2,"cgfm_time_varying",2.17808259821483,1.57209331487896,6.69382432458188,2.14993307485555,1.84617721994424,0.31053118196098
32,2,"cgfm_time_varying",2.24178781421739,1.45855406012956,5.21271908051223,2.02925338003124,1.34103805513529,0.37390508011601
33,2,"cgfm_time_varying",2.29131427093752,1.84484167556274,10.876837223076,2.69350802568193,1.75316115915817,0.330985821507009
34,2,"cgfm_time_varying",2.26039661643063,1.5287218919841,6.11208333118256,1.99325933277416,1.13062059617777,0.38597408113875
35,2,"cgfm_time_varying",3.44323390345142,3.73246510777409,39.6229432772876,5.13350946143061,-3.70426698553046,0.663090614036582
36,2,"cgfm_time_varying",3.22451200790885,3.02815918460848,26.0951341567775,4.28034048549809,-2.58582948186537,0.666415208301563
37,2,"cgfm_time_varying",3.12668480660023,3.39147202531639,35.1521265531079,4.79307009974438,1.21465145162045,0.391016879760616
38,2,"cgfm_time_varying",2.82343105523785,2.16479752492332,16.4036275489018,2.2498904763494,-1.10429670926889,0.56522287374265
39,2,"cgfm_time_varying",3.19191696695633,3.17132690902959,29.313269831336,4.44771547678044,-0.342180301288636,0.517925421195372
40,2,"cgfm_time_varying",2.34729898581549,1.76299828515236,8.15557884356271,2.39087918741117,1.7331912694549,0.324053508988971
41,2,"cgfm_time_varying",2.88605683950933,2.38031915693053,17.3994407239414,3.30821523999387,-1.67405259746906,0.590970313311407
42,2,"cgfm_time_varying",3.18745706497661,3.26158259843279,31.5084026293179,4.88473129925408,-1.88009491734327,0.580313903910696
43,2,"cgfm_time_varying",2.69504583859389,1.96076282471814,10.1408819935334,2.75113645965097,-0.457697916118257,0.535895828376881
44,2,"cgfm_time_varying",2.67842078898024,1.96826924213702,9.86773686983605,2.81612818296788,-0.0468074086441634,0.515683739794155
45,2,"cgfm_time_varying",2.69636016530613,2.53792515220161,24.2354520077518,3.43571892591959,1.66647095611755,0.379973112333801
46,2,"cgfm_time_varying",2.68473014886839,2.19239230441617,12.4845166058456,2.90076367171036,1.16172655547233,0.377858005211818
47,2,"cgfm_time_varying",3.59512508233999,4.63390961846155,68.3376102345362,6.5975356231951,-3.71581528692821,0.596408291295652
48,2,"cgfm_time_varying",2.30716467538734,1.58807474207303,6.38328224801962,2.31276548847036,0.712481520496697,0.410200081009253
49,2,"cgfm_time_varying",4.2349851761851,6.33161567837385,101.995966823147,8.67108017662154,-1.82673469318275,0.554864699242177
50,2,"cgfm_time_varying",2.4637653910591,1.74706639381291,10.5713404490588,2.15882666822536,1.60912816598066,0.387552158761315
51,2,"cgfm_time_varying",3.42039192527482,3.34116277856158,30.3434377400127,4.59495334552012,-1.7713171271353,0.576566154180078
52,2,"cgfm_time_varying",3.40057470539707,4.35387028401101,73.2210767975801,5.71137633812864,-1.91650254754805,0.510179419883263
53,2,"cgfm_time_varying",2.23757363817172,1.77338345353975,9.81259235561725,2.45626897854257,1.36618845386329,0.327604406637095
54,2,"cgfm_time_varying",2.13712193785816,1.39528863594916,4.81449480373439,1.72218381356955,1.45033712396036,0.347752011737709
55,2,"cgfm_time_varying",3.49536591943745,3.82847145144453,41.1364444388896,5.37888534487638,-0.960177152100243,0.510924673577602
56,2,"cgfm_time_varying",2.79112108486369,2.07475828113694,13.8369583306553,2.56121329441812,-1.36938076949129,0.578177469594082
57,2,"cgfm_time_varying",2.53329491068298,2.22999784111437,18.8980149638878,3.02150750611534,0.879811410734451,0.380637141146749
58,2,"cgfm_time_varying",3.29020636220858,3.58483317525817,42.6854031319823,5.11341018491589,-1.65683702571248,0.57371780276995
59,2,"cgfm_time_varying",3.13942460519031,2.98584431328265,24.3122198068582,4.10297337936471,0.302728012703121,0.49402449552469
60,2,"cgfm_time_varying",2.16586325667245,1.4868120525778,5.46742605690981,1.94104168440649,1.45740246146327,0.338675769780267
61,2,"cgfm_time_varying",2.21347666718633,1.64505270703338,8.74051458224342,2.18745134014316,1.31668420409684,0.366424093395558
62,2,"cgfm_time_varying",3.80522261985375,4.4058979104454,54.6010095838496,5.72143751810426,-0.268570624951962,0.521029501662767
63,2,"cgfm_time_varying",2.61638356061679,1.79002809440737,7.76835888777522,2.16098473062146,0.789188442895027,0.455023270856928
64,2,"cgfm_time_varying",3.44890180767572,4.13203485727109,53.3158427164903,5.89982112911162,-1.44598696696298,0.56614783705979
65,2,"cgfm_time_varying",2.38201248401294,1.83616184428126,10.0369648761521,2.43497167793944,1.83590864062271,0.340937689950208
1,1,"inad_constrained_alpha",2.16326474303454,1.18845257398987,5.2250284051948,1.6993038961039,0.867636363636364,0.469023254199885
2,1,"inad_constrained_alpha",2.47021560112934,1.53662047286678,6.86116363896104,2.05266753246753,0.164838961038961,0.509770340977522
3,1,"inad_constrained_alpha",2.87083843050421,2.35355165132266,16.8175930961039,3.20024415584416,-0.223781818181818,0.518458065824484
4,1,"inad_constrained_alpha",2.23840989304037,1.3630378205681,6.73273236103896,1.93408571428571,1.00524415584416,0.426781034973802
5,1,"inad_constrained_alpha",2.41330048218081,1.33229339219556,4.10939722597403,1.49215064935065,-0.131345454545455,0.5553026834298
6,1,"inad_constrained_alpha",2.25451980195211,1.06583389126272,2.32318632207792,1.27935584415584,-0.133516883116883,0.572114282598651
7,1,"inad_constrained_alpha",2.28040679848429,1.15583620057793,3.08840054805195,1.50387792207792,-0.197763636363636,0.566939061584528
8,1,"inad_constrained_alpha",3.17657456435808,2.96670220517823,22.7910145428571,4.21158181818182,-0.681244155844156,0.570693160414749
9,1,"inad_constrained_alpha",2.66350782534556,1.83692336408363,8.6570836,2.44692467532468,-0.876971428571429,0.601422630114
10,1,"inad_constrained_alpha",2.46639536357601,1.82621506507965,10.2984760415584,2.78855584415584,0.587262337662338,0.423267272222058
11,1,"inad_constrained_alpha",1.95257889483942,0.821190707874325,1.86426954545455,1.10911428571429,0.869166233766234,0.453999706381078
12,1,"inad_constrained_alpha",2.99219136843836,2.73320982157318,21.9664821974026,3.82505454545455,-0.418420779220779,0.523841098683003
13,1,"inad_constrained_alpha",2.23721235380361,1.30123234035664,6.03669875324675,1.88103376623377,1.02816623376623,0.451911387769612
14,1,"inad_constrained_alpha",2.31471931647414,1.33115805378449,5.04786724155844,1.96551168831169,-0.278124675324675,0.552193040526434
15,1,"inad_constrained_alpha",2.44676496893502,1.47274841096635,8.85340107792208,2.01033506493506,0.668179220779221,0.505231194247475
16,1,"inad_constrained_alpha",2.33411979766684,1.29069758795388,5.40481132727273,1.56442337662338,0.782542857142857,0.450359105536276
17,1,"inad_constrained_alpha",2.06048604801335,1.53345929274757,9.06895341298701,2.59892987012987,1.69818181818182,0.317318567306448
18,1,"inad_constrained_alpha",2.23491107772777,1.06956871585485,2.39485683636364,1.32942857142857,-0.184103896103896,0.568816024382588
19,1,"inad_constrained_alpha",2.64466472347561,1.98434049150801,11.3508643662338,2.94537922077922,0.353264935064935,0.493150136759615
20,1,"inad_constrained_alpha",2.09607305189796,1.19030393653193,4.44820637662338,1.88234545454545,1.02018441558442,0.394190613077072
21,1,"inad_constrained_alpha",2.25330082464478,1.23721017715661,5.03523868311688,1.72293766233766,0.234205194805195,0.522107157013136
22,1,"inad_constrained_alpha",3.64739890775765,4.07279593424083,40.0449482415584,5.48303116883117,-5.10676623376623,0.816288567889429
23,1,"inad_constrained_alpha",2.30951890641144,1.38298135197758,5.57362540519481,2.12694285714286,-0.121758441558442,0.533604338634384
24,1,"inad_constrained_alpha",2.63123317433023,2.15344508450448,17.5142854675325,3.09704675324675,-0.359249350649351,0.511768397381669
25,1,"inad_constrained_alpha",2.4578410964238,1.61585395375229,8.70559602337662,2.20112987012987,-0.68501038961039,0.582345821042698
26,1,"inad_constrained_alpha",2.10621350382385,1.61913626541797,11.2701686805195,2.76131948051948,2.56700779220779,0.227853313677368
27,1,"inad_constrained_alpha",2.86611950768911,2.50072655604476,17.9465420935065,3.66556363636364,-1.20802597402597,0.590175656214039
28,1,"inad_constrained_alpha",2.06008475917844,1.20152409147795,5.18536109090909,1.92106493506494,1.42544415584416,0.360811298131239
29,1,"inad_constrained_alpha",2.83149849808171,2.16813242330372,12.2215512649351,3.15506753246753,-0.902023376623377,0.609347929665109
30,1,"inad_constrained_alpha",3.01318789332786,2.70653506430082,21.3221446935065,3.63334805194805,-3.56091168831169,0.763368864745763
31,2,"inad_constrained_alpha",2.19133013664746,1.55480501333306,9.34449236060606,2.67673636363636,2.46252424242424,0.292530446440903
32,2,"inad_constrained_alpha",2.22978514184401,1.36992676109577,6.9849538030303,2.39559090909091,1.96123333333333,0.365374341922475
33,2,"inad_constrained_alpha",2.38793803312302,1.78935588327388,11.7375202242424,2.96406060606061,2.38212727272727,0.317328590814137
34,2,"inad_constrained_alpha",2.24581953454448,1.45444617271927,8.04717868787879,2.42548181818182,1.94831818181818,0.355385991910252
35,2,"inad_constrained_alpha",3.6466046803105,4.42122869426343,49.5055808333333,5.98862727272727,-5.12730606060606,0.766392113631831
36,2,"inad_constrained_alpha",3.32008217305579,3.34678181356758,27.8351787515152,4.83589696969697,-3.68150909090909,0.756080113392095
37,2,"inad_constrained_alpha",3.09843737811025,3.01268223649461,28.2836237484848,4.55491212121212,1.41505151515152,0.391709720899006
38,2,"inad_constrained_alpha",2.69557277600331,1.96791193246732,13.7785755424242,2.13637878787879,-1.23899090909091,0.60072385074476
39,2,"inad_constrained_alpha",3.14804720643858,3.03577857630149,27.4872517121212,4.17731212121212,-0.590263636363636,0.545853666991657
40,2,"inad_constrained_alpha",2.28273277415298,1.69532949287997,11.2990483969697,2.94866363636364,2.57662727272727,0.293232517252502
41,2,"inad_constrained_alpha",2.90428979931708,2.47232513894784,18.5912702848485,3.42469696969697,-1.51351515151515,0.605291254578661
42,2,"inad_constrained_alpha",3.28182410353822,3.70429444562227,40.9082365121212,5.17173636363636,-2.82758484848485,0.637429473539301
43,2,"inad_constrained_alpha",2.68019289292193,1.83987096185378,9.34786345757576,2.53832424242424,-0.605639393939394,0.568667453417956
44,2,"inad_constrained_alpha",2.70628720291854,1.94689438800757,10.1683675181818,2.91093636363636,0.167257575757576,0.517744430567782
45,2,"inad_constrained_alpha",2.71668891099129,2.27499109705079,20.2460032575758,3.29531212121212,2.2897,0.347879157114457
46,2,"inad_constrained_alpha",2.54931121917936,1.90135706231894,10.9119399454545,2.87556363636364,1.42681818181818,0.384730638805706
47,2,"inad_constrained_alpha",3.68690196803674,5.13195289446823,73.2045161545455,6.93239090909091,-4.29989393939394,0.651488750728493
48,2,"inad_constrained_alpha",2.28595568248187,1.50019128932688,7.18962079090909,2.58443333333333,1.3037,0.39376448805867
49,2,"inad_constrained_alpha",4.24208362857754,6.23997149403087,90.6500994272727,8.06733636363636,-2.65555454545455,0.586915091975462
50,2,"inad_constrained_alpha",2.44467270229529,1.53577673865899,9.24846681515151,2.30244545454545,2.04716060606061,0.376336493617432
51,2,"inad_constrained_alpha",3.25787590285336,3.32072763184039,29.2888491575758,4.4941696969697,-2.09692121212121,0.615322179724337
52,2,"inad_constrained_alpha",3.26217725433848,4.10651945759436,70.5841414090909,4.88316060606061,-3.04602727272727,0.578519672524287
53,2,"inad_constrained_alpha",2.39411720042595,1.81076579522225,12.2764507121212,3.00416060606061,2.08113636363636,0.352920520916065
54,2,"inad_constrained_alpha",2.21161102219541,1.39992157921596,7.32862046969697,2.29316666666667,2.16517272727273,0.327191334265467
55,2,"inad_constrained_alpha",3.36253661038499,3.73123759232553,38.1650305909091,5.11365757575758,-1.10100909090909,0.520709220687213
56,2,"inad_constrained_alpha",2.78870217091039,2.13093240293579,14.9119825757576,2.79027272727273,-1.40007272727273,0.619081599848276
57,2,"inad_constrained_alpha",2.4112041526605,2.05252113065821,17.9396564030303,3.22743333333333,1.26394848484848,0.373601532313403
58,2,"inad_constrained_alpha",3.12950482077552,3.28828981918207,36.9159150393939,4.54642121212121,-2.49248787878788,0.637049621879953
59,2,"inad_constrained_alpha",3.29826650396357,3.03227497190399,25.4596524030303,4.10676666666667,0.853645454545455,0.488427262040097
60,2,"inad_constrained_alpha",2.15876212996624,1.39981204503845,6.90122469090909,2.17592121212121,2.1611696969697,0.312075772182424
61,2,"inad_constrained_alpha",2.41148331106883,1.77160633486334,10.9135292939394,2.58391818181818,1.88970606060606,0.356061532921355
62,2,"inad_constrained_alpha",3.65729807270284,4.2173722728629,50.9903278939394,5.36294848484849,-0.309409090909091,0.559217780302739
63,2,"inad_constrained_alpha",2.48950096417549,1.4529033425058,5.70355084545455,1.70914848484848,0.927384848484848,0.470390664964506
64,2,"inad_constrained_alpha",3.28886772901424,3.75216078911469,44.7960269181818,5.19030606060606,-1.98289393939394,0.613610728853201
65,2,"inad_constrained_alpha",2.39905130811576,1.77695279561317,12.5621256787879,2.97250303030303,2.50062424242424,0.326814658790996
1,1,"inad_unconstrained",2.1527197286612,1.20153229723963,5.43955466233766,1.81379480519481,0.993181818181818,0.460797189593207
2,1,"inad_unconstrained",2.46436751234094,1.55420068232323,6.97703760779221,2.25037142857143,0.384864935064935,0.483535786047007
3,1,"inad_unconstrained",2.84695132980091,2.33980528733168,16.4710269636364,3.27910909090909,0.00405974025974025,0.492727435357626
4,1,"inad_unconstrained",2.26563035157397,1.40759873728931,7.25377713506493,2.03834025974026,1.14112987012987,0.415213646220541
5,1,"inad_unconstrained",2.55135097754453,1.51616356184362,5.68981182337662,1.77142857142857,0.0269402597402597,0.549369602304326
6,1,"inad_unconstrained",2.2988727796516,1.10372140973108,2.48702849090909,1.3098,-0.106496103896104,0.571469418374702
7,1,"inad_unconstrained",2.26041340066849,1.13338080731176,2.9085466,1.48401298701299,-0.115877922077922,0.565100658102493
8,1,"inad_unconstrained",3.03177047137338,2.75799090705717,20.7066088961039,3.96737402597403,-0.675311688311688,0.559866566915792
9,1,"inad_unconstrained",2.74824774130443,1.90023471391006,9.42695571168831,2.34082857142857,-0.900677922077922,0.59499880402621
10,1,"inad_unconstrained",2.50664379041806,1.92270993976467,11.3783436207792,3.00305454545455,0.80545974025974,0.410002373640368
11,1,"inad_unconstrained",1.92110290706522,0.789140190089858,1.82329341298701,1.01390649350649,0.903496103896104,0.456396942397525
12,1,"inad_unconstrained",2.8926016221,2.61105843786827,21.0247910467532,3.69201818181818,-0.416896103896104,0.521934128789093
13,1,"inad_unconstrained",2.13889225681697,1.11096218820712,3.88994688311688,1.5277974025974,0.85374025974026,0.454488434603665
14,1,"inad_unconstrained",2.30013683891798,1.31145890186508,5.11152576883117,1.79316103896104,-0.415306493506494,0.555404852559022
15,1,"inad_unconstrained",2.40000571127115,1.4082173178162,8.29112000519481,1.79055064935065,0.705085714285714,0.50967011364615
16,1,"inad_unconstrained",2.33706235634363,1.30271809060923,5.3903545012987,1.60323896103896,0.727348051948052,0.462295217758196
17,1,"inad_unconstrained",2.05542803062557,1.53353925682075,9.08531042337662,2.60572207792208,1.6272025974026,0.329531869349258
18,1,"inad_unconstrained",2.21892558174478,1.06031245801417,2.42217795324675,1.23795844155844,0.0729090909090909,0.541584752163195
19,1,"inad_unconstrained",2.61438947438615,1.93502440750583,11.1981348467532,2.87609350649351,0.292109090909091,0.506766779036878
20,1,"inad_unconstrained",2.08963187740101,1.21018152384183,4.78208738701299,1.97471688311688,1.02612987012987,0.398412291515804
21,1,"inad_unconstrained",2.20074362135987,1.10807318472865,3.70142201038961,1.44727272727273,0.232311688311688,0.529428566590735
22,1,"inad_unconstrained",3.55906554526785,3.91448830046477,38.3782528623377,5.32947012987013,-5.0968987012987,0.823095445947395
23,1,"inad_unconstrained",2.28830041919211,1.3345044919248,5.16629242337662,2.07715584415584,-0.00491168831168831,0.529264436049809
24,1,"inad_unconstrained",2.61691551071392,2.13778491428516,17.4772090987013,3.00104155844156,-0.390932467532468,0.508277982185901
25,1,"inad_unconstrained",2.46422077582904,1.63723339014233,8.78516409090909,2.23221038961039,-0.841981818181818,0.596181523028138
26,1,"inad_unconstrained",2.09987147242209,1.56103649816888,10.5803910935065,2.53273506493507,2.39277662337662,0.237236187696578
27,1,"inad_unconstrained",2.85506470910479,2.40055473304128,17.0446798597403,3.36816103896104,-1.07261818181818,0.578264445410089
28,1,"inad_unconstrained",2.13692999143563,1.30165649673976,5.87620642857143,2.07702597402597,1.40616883116883,0.372742985199623
29,1,"inad_unconstrained",2.72224187505937,1.94204459207914,9.89150384935065,2.83652467532468,-0.850701298701299,0.605786058157422
30,1,"inad_unconstrained",3.17794620022968,3.07997453430392,27.6839503272727,4.20964675324675,-3.78055064935065,0.756627455409499
31,2,"inad_unconstrained",2.20097545751737,1.53546265688875,8.99893838484848,2.61130606060606,2.43916666666667,0.297622441798113
32,2,"inad_unconstrained",2.22389206286445,1.36039608951595,6.88793773030303,2.4091303030303,1.89798484848485,0.374764975093285
33,2,"inad_unconstrained",2.42659252384925,1.87642217608178,13.3342148575758,3.05974848484848,2.48689393939394,0.320890018443402
34,2,"inad_unconstrained",2.31724348508106,1.5829733915629,9.39258422424242,2.61469696969697,2.08395151515152,0.355624943234092
35,2,"inad_unconstrained",3.59338396385194,4.27572820305099,48.2079791575758,5.61053939393939,-5.04585454545455,0.76164860287547
36,2,"inad_unconstrained",3.34698443957881,3.43539129908694,29.6554688030303,4.81765757575758,-3.38971212121212,0.726552784456761
37,2,"inad_unconstrained",3.18438871272916,3.20608464036129,30.8807037757576,4.80923636363636,1.29263636363636,0.395269635537586
38,2,"inad_unconstrained",2.69884257892344,1.97956491940424,14.0296457545455,2.25417878787879,-0.894560606060606,0.585932722837845
39,2,"inad_unconstrained",3.30922965336744,3.26179971022016,30.0447352212121,4.37926363636364,-0.869330303030303,0.564578875522827
40,2,"inad_unconstrained",2.29499161678748,1.69197215208345,11.1640765757576,2.92253333333333,2.55505454545455,0.297406971300579
41,2,"inad_unconstrained",2.84190248946137,2.30473352956204,15.8662049818182,3.28833939393939,-1.34433333333333,0.60384596313574
42,2,"inad_unconstrained",3.28780765240718,3.74012441563556,41.9706605454545,5.29121212121212,-3.30532121212121,0.6661322332089
43,2,"inad_unconstrained",2.72395566982588,1.97418052270894,11.030929569697,2.81207878787879,-0.44930303030303,0.547659706348833
44,2,"inad_unconstrained",2.66810033290887,1.83422234606318,8.91491463333333,2.7402696969697,0.0755424242424243,0.539248172612459
45,2,"inad_unconstrained",2.70093324277745,2.33189653219689,21.5252068575758,3.4096696969697,2.17616666666667,0.345367078511082
46,2,"inad_unconstrained",2.6267751695051,1.99961258741598,12.0337016151515,2.9295303030303,1.55279696969697,0.382397448360159
47,2,"inad_unconstrained",3.68609767720529,5.03960046144932,71.7026327030303,6.75073939393939,-4.3864,0.665215023934349
48,2,"inad_unconstrained",2.35085971784666,1.64306542394261,9.04678120909091,2.80430606060606,1.44307575757576,0.399109746197517
49,2,"inad_unconstrained",4.21240956758083,6.10796536545866,85.7193167575758,8.04224242424242,-2.59455151515151,0.590314134889067
50,2,"inad_unconstrained",2.59675468204565,1.74081701040487,12.1361513060606,2.52913636363636,1.89786363636364,0.399851537614284
51,2,"inad_unconstrained",3.17894547844621,3.11912458502503,26.6423298,4.22832727272727,-2.13864242424242,0.628567205977669
52,2,"inad_unconstrained",3.43431637250597,4.82812176362718,87.605617230303,6.30556363636364,-2.65033333333333,0.568533608633681
53,2,"inad_unconstrained",2.40021195876723,1.83920278897311,12.5450890363636,3.06459393939394,2.11928484848485,0.352027468146464
54,2,"inad_unconstrained",2.17506548926075,1.40694168346531,7.87290312424242,2.34853636363636,2.22809393939394,0.331651604924958
55,2,"inad_unconstrained",3.34208323143043,3.67501216816943,36.4530554818182,5.13260909090909,-0.921087878787879,0.52645065364383
56,2,"inad_unconstrained",2.7712405435018,2.04961785260145,14.1470439424242,2.65268787878788,-1.52788181818182,0.6343529238881
57,2,"inad_unconstrained",2.42390203053538,2.08684204779076,18.5510642121212,3.29307272727273,1.24601818181818,0.38211762902427
58,2,"inad_unconstrained",3.25922817228401,3.60082197678053,41.7892676484848,4.88498181818182,-2.03153333333333,0.612163276453363
59,2,"inad_unconstrained",3.16763126242257,2.79981899279295,22.0898609272727,3.88734545454545,0.848369696969697,0.487258122000138
60,2,"inad_unconstrained",2.18854615770483,1.43848437797968,7.19605526363636,2.17971818181818,2.17905151515152,0.315524551430779
61,2,"inad_unconstrained",2.35546094851494,1.6898634610055,10.3870812212121,2.49818484848485,2.01571212121212,0.349246557460696
62,2,"inad_unconstrained",3.6198932680328,4.09994263893887,48.2217772878788,5.25739696969697,-0.120663636363636,0.535762421384795
63,2,"inad_unconstrained",2.62144442494351,1.62188958429271,7.43848891515152,2.01281212121212,0.969436363636364,0.468469330332994
64,2,"inad_unconstrained",3.28333170288663,3.73374074644485,43.7411086666667,5.25111515151515,-1.87373939393939,0.595586096992928
65,2,"inad_unconstrained",2.40915435261305,1.76506631726,12.0598735575758,2.95143636363636,2.48313333333333,0.32362631861818
1,1,"nb_glm",2.2101012502831,1.33216892946165,7.43470348323435,2.14491940126071,2.14282881540714,0.363431156565045
2,1,"nb_glm",2.36531243726534,1.35858581270148,5.53369147497199,1.96075513296387,1.01408264627387,0.472764983575227
3,1,"nb_glm",2.50928628984953,1.79279883984865,10.0006860392369,2.59285059661231,0.264829535971222,0.508137891594042
4,1,"nb_glm",2.28479798428949,1.66981716148923,10.6070973982385,3.07320204293032,2.33146750537798,0.32308102231783
5,1,"nb_glm",2.52501857512391,1.42445510397774,3.75625140145436,1.51090310990625,-0.299482102404996,0.580782224654504
6,1,"nb_glm",2.43390314940218,1.18153647585925,2.00784718740881,1.13658699702217,-0.11547383400692,0.587404767337592
7,1,"nb_glm",2.32966986953987,1.13232769891549,2.51438243345764,1.36111971398893,0.55004913686723,0.511127340966195
8,1,"nb_glm",2.76426087446766,2.34612716116978,17.4691713864961,3.38274215843198,-1.61674251459292,0.617219632649174
9,1,"nb_glm",2.66672533247683,1.79114294965812,7.37164901584971,2.45092697823804,-1.23794883626833,0.638247348049906
10,1,"nb_glm",2.43327761295854,1.87100927742141,10.9552950383855,2.94966792556301,1.68069655703651,0.358561433694142
11,1,"nb_glm",2.14416137693289,1.14190441044768,5.20884997451168,2.04895964104129,2.04895964104129,0.367893470007969
12,1,"nb_glm",2.68554605437489,2.41792702810739,19.2167121435254,3.81998020346754,-0.0267677347689701,0.497299029635242
13,1,"nb_glm",2.30008947537967,1.19468429536582,3.34039910091377,1.56846507921347,0.719625548303162,0.475644471685432
14,1,"nb_glm",2.57436934208111,1.84233284318233,10.5601729774886,2.68714475926509,-0.866096648708109,0.569762474931581
15,1,"nb_glm",2.34046957249994,1.5095823105002,8.86127113989162,2.41491214641344,1.38555027761616,0.425799069490564
16,1,"nb_glm",2.35378446924,1.42674335446333,6.40604324316524,1.81987731491749,1.29592227169993,0.431445089156656
17,1,"nb_glm",2.3725776495938,2.1226550153914,17.239140726148,3.81684433376741,3.46072711210959,0.204196509160271
18,1,"nb_glm",2.37977643978512,1.18732414511678,2.91571514234379,1.11746594618206,0.453308486018582,0.535965925013208
19,1,"nb_glm",2.44476044811925,1.45566024375347,5.98372960666873,1.8815133889627,0.253308248719059,0.528573234849983
20,1,"nb_glm",2.25388889128007,1.46324506815476,7.50863403093276,2.38235330308868,2.14517401129041,0.329043415168015
21,1,"nb_glm",2.35729452697619,1.20426825424945,3.42450314356554,1.52238401015643,0.259075045234982,0.529657370250672
22,1,"nb_glm",4.58003353639763,6.99701884862205,90.0439253303116,8.94794197372645,-8.94794197372645,0.937201859721254
23,1,"nb_glm",2.51592545148169,1.62239110517149,7.71681634018953,2.16205629610891,0.449245569513649,0.5254103068938
24,1,"nb_glm",2.74549311110835,2.36701208655113,17.5736139754445,3.41670090909065,-0.394420992169586,0.550889064930196
25,1,"nb_glm",2.71903994309838,2.10734708285301,12.5876040220671,3.04299417914604,-1.33115454098,0.616567485868795
26,1,"nb_glm",2.52520998173603,2.54920106111081,22.280345021547,4.45097934427189,3.72315687533733,0.167773289224535
27,1,"nb_glm",2.8944926517118,2.4668825499594,17.0595067797486,3.23361448395526,-1.89633160855404,0.661548729877041
28,1,"nb_glm",2.24380522497759,1.60909957929639,10.4606481398049,2.84787282007112,2.80109196778897,0.273490996830158
29,1,"nb_glm",2.65019081379641,1.77528300925021,8.37282701371475,2.18153928503508,-0.955786935772911,0.620554829443697
30,1,"nb_glm",4.0576108495279,5.81068646552044,76.6827981812956,7.44925923720703,-7.44925923720703,0.885031743840715
31,2,"nb_glm",2.49936967865732,2.27998679050081,20.8577425171258,4.26893646361932,4.26893646361932,0.226447072116944
32,2,"nb_glm",2.44147529352731,1.89614588804088,14.9781281470305,3.52163163278734,3.52163163278734,0.295186896608241
33,2,"nb_glm",2.52098341629368,2.41905566012468,23.5149442065451,4.48695557010489,4.26831649866648,0.223755596903906
34,2,"nb_glm",2.59768390255958,2.46081992484527,25.0135523221653,4.41525011636659,4.17950683772714,0.257802018105941
35,2,"nb_glm",4.20498421917699,6.8602815597206,103.641315237411,9.18859813289417,-9.18859813289417,0.890748952457396
36,2,"nb_glm",3.97368269123175,5.47707938373191,65.2828767919096,7.40732399676234,-6.86487609993216,0.838062473303865
37,2,"nb_glm",2.75674964742514,2.72483061285888,24.8931012834981,4.32119776886755,2.3053822597483,0.338282897670807
38,2,"nb_glm",2.90732700704551,2.13921405283853,11.5045620615017,2.19747873334845,-1.3332711058024,0.627203938471372
39,2,"nb_glm",3.11137499355253,3.15656390491216,29.0886354651893,4.32197398168801,-2.37127141722337,0.624320586420594
40,2,"nb_glm",2.65552087403199,2.58469300492793,26.7771477673267,4.43836339303959,4.35838671200852,0.246535752977003
41,2,"nb_glm",3.07321968647382,2.86474266019476,25.0802428571155,3.58408098186242,-1.43116223369586,0.602983102817991
42,2,"nb_glm",3.65807169081205,5.24787926148472,83.9328638710705,6.87244585183019,-6.39528233624196,0.774832229181797
43,2,"nb_glm",2.85111882198916,2.0795781287933,10.734656959611,2.57012377430571,-1.14978739513228,0.605365290097626
44,2,"nb_glm",2.65004410566879,1.65570428619408,6.14356695524514,2.20738671461902,0.813295593975971,0.506052143699571
45,2,"nb_glm",2.74932101375616,2.9758871832052,31.9450426824115,5.26156349638809,3.79472130440373,0.24538858573428
46,2,"nb_glm",2.63461263552634,2.03134812155821,12.5866503665314,3.2025602033917,2.40039311654185,0.362590240873975
47,2,"nb_glm",4.14130130263633,6.91240303090203,115.306401171728,8.75241092271872,-7.61504358584307,0.773209770316879
48,2,"nb_glm",2.56252562759306,2.02983690523642,15.0871008985651,3.36517776926396,2.96815606051077,0.335518527533026
49,2,"nb_glm",3.67834994622123,5.45315978643644,84.6530407156328,6.91652424746949,-5.36206912732022,0.706173678283825
50,2,"nb_glm",2.64644540052647,2.32219005522677,21.4145025067715,3.80809820070548,2.66731696739467,0.358291499606857
51,2,"nb_glm",3.14972975809389,2.8385565229698,20.6536182557475,3.70655352239383,-2.54884404171773,0.680678175148057
52,2,"nb_glm",3.81480049319292,6.27385026056001,124.073210264736,8.07376779247737,-7.1446057883678,0.752587100105864
53,2,"nb_glm",2.72130963984087,2.93545297849007,30.66914381317,5.27856762903632,4.46057352573913,0.216409874106945
54,2,"nb_glm",2.50530430367234,2.30686985887901,21.085542833486,4.36822297805991,4.36822297805991,0.218218991462993
55,2,"nb_glm",3.12932289044921,3.28295616849878,31.4642665028618,4.9401738999023,-0.778332553159537,0.55017266640823
56,2,"nb_glm",3.08978938064975,2.68860469302668,19.4400854602271,3.41182206915844,-2.55642103323911,0.691102256514988
57,2,"nb_glm",2.55258393534674,2.13819800603855,16.9917445540819,3.7166412157872,2.68722152947398,0.337653505714037
58,2,"nb_glm",3.44203644113158,4.04569254085371,49.1437475467653,4.7822935351389,-4.7002906007423,0.750297615387928
59,2,"nb_glm",2.76835548508636,2.44591785996251,18.8503208542443,3.69599839034367,1.55033501225303,0.43109367362303
60,2,"nb_glm",2.52680200597363,2.2539259005823,19.1749597493418,4.18170525849912,4.18170525849912,0.225756116115539
61,2,"nb_glm",2.59236979900655,2.37140805040048,21.7534304200016,4.19089368508868,4.08860233722736,0.239226508623124
62,2,"nb_glm",3.10461973319991,2.99515567037116,25.6784322383727,3.84935870770871,-1.6344286555432,0.618595954267819
63,2,"nb_glm",2.67240032033154,1.72317957953542,7.35145476970451,2.03840758348143,1.08760853278911,0.484804604820147
64,2,"nb_glm",3.21807083737561,3.38808775149693,34.2673172023023,4.37724802816326,-3.20265437323581,0.692381616557682
65,2,"nb_glm",2.54610418935428,2.36383791773941,22.3884081901348,4.31907753187663,3.98188248245571,0.261187721681389
1,1,"nb_glmm",2.06688037311479,1.12381855100367,4.75063893920703,1.57633608524344,1.25075964181554,0.393934323587415
2,1,"nb_glmm",2.35722261655084,1.38292705947959,5.59816430991738,1.92902227643285,0.33840770388664,0.487419242893128
3,1,"nb_glmm",2.63035666269837,1.97229740382708,12.0593385705874,2.76943627793509,-0.289609918285446,0.51278324951051
4,1,"nb_glmm",2.22341998009131,1.44508669320435,6.99591021678112,2.25926275408265,1.34994503112,0.341043970052645
5,1,"nb_glmm",2.40242722090956,1.32887785572672,4.23523073318891,1.69315944811497,-0.47499090718954,0.585361522853535
6,1,"nb_glmm",2.21011370759431,1.02662980492838,2.21275251887344,1.27986194647003,-0.40553910174319,0.590245925898044
7,1,"nb_glmm",2.12479392063886,0.990321498175951,2.42167546215884,1.29769811995204,-0.0936620041859968,0.54510969253013
8,1,"nb_glmm",2.82158457808981,2.47002905227001,18.5291642690589,3.65363810536154,-1.65469144877092,0.619507684081512
9,1,"nb_glmm",2.61604165664744,1.77848878440708,8.37734869349636,2.51178488670428,-1.3772016698524,0.643462084894855
10,1,"nb_glmm",2.60057901627726,1.99401484497477,11.1351822751476,3.06697615509817,0.707157996471213,0.406044592172285
11,1,"nb_glmm",1.90366433618613,0.846573270079324,2.21418034283037,1.19396834357286,1.18699413657557,0.37401591220982
12,1,"nb_glmm",2.81275006250144,2.49770676830332,18.602538960144,3.61818053470267,-0.620478327219735,0.502355284121694
13,1,"nb_glmm",2.08111391183533,0.977003517250058,2.28972611673956,1.28221162509036,0.42798251856184,0.466662831362646
14,1,"nb_glmm",2.3635254727364,1.55170875742148,8.20303006188202,2.27443724662605,-0.979634244824617,0.57328842944615
15,1,"nb_glmm",2.24486039578154,1.33133288384516,7.39215603296049,1.92249747190704,0.723852706376519,0.457490886960563
16,1,"nb_glmm",2.28841728702509,1.30943269561268,5.58729206129934,1.69742106883903,0.62795362188623,0.457775044167652
17,1,"nb_glmm",2.33987941224278,1.6944645573656,9.03962523206625,2.6434370814956,2.07056412444742,0.241797253986152
18,1,"nb_glmm",2.18359556820495,1.04304068938704,2.53088110629076,1.29260779504281,-0.0990678160470159,0.560775715289491
19,1,"nb_glmm",2.38823466893336,1.49200285681663,6.94611831648956,2.0476672589874,-0.0849360742254455,0.513511519265452
20,1,"nb_glmm",2.11269753240952,1.20148693006968,4.49376840578271,1.86002808661081,1.24642617012029,0.34913560802993
21,1,"nb_glmm",2.13486132264878,1.04731135894042,3.31879274483805,1.39781774824347,-0.0145412692044135,0.530108102852058
22,1,"nb_glmm",4.42384264113429,6.07762891060204,72.1838249022613,7.89227162187947,-7.89227162187948,0.930190023716891
23,1,"nb_glmm",2.44102953917783,1.54351377290031,6.84644556513143,2.1575288039204,-0.271340108011671,0.548607549321266
24,1,"nb_glmm",2.79889898345795,2.29841659214044,17.806178464002,3.12238200709423,-1.0363269900735,0.556194432084586
25,1,"nb_glmm",2.58180221825186,1.93234834072815,11.7341610164246,2.78087316834264,-1.4468725396459,0.616125649692551
26,1,"nb_glmm",2.50678659441706,1.93391687222715,11.2205732000346,3.01207317117084,2.40288464927906,0.195916463481939
27,1,"nb_glmm",2.97409449417731,2.58141287399822,19.3511746371787,3.39950452337062,-2.02879749232745,0.656049090444404
28,1,"nb_glmm",2.15881401338171,1.32798582844222,6.0667919001779,2.06621185831842,1.76992974392141,0.300552440675083
29,1,"nb_glmm",2.60656902861931,1.81244600146415,9.61764639346779,2.47135196533161,-1.2586835086031,0.635391333577607
30,1,"nb_glmm",3.84269266498939,4.91746515105648,59.1015479138904,6.44848944978926,-6.44191082587007,0.87374760040281
31,2,"nb_glmm",2.34751552365823,1.74371314989064,10.3393181521974,2.72150251569638,2.72150251569638,0.234166598048865
32,2,"nb_glmm",2.23579269892845,1.45712072362087,7.22061435035716,2.40839527010458,2.11862463344261,0.301949057322275
33,2,"nb_glmm",2.40184057933418,1.90899794503673,12.5078508974613,3.13918195887651,2.59239722117098,0.248314010293535
34,2,"nb_glmm",2.42334614644865,1.67780751140292,9.33800996184745,2.57993151535742,2.09657511688934,0.301232145662842
35,2,"nb_glmm",4.15257363525491,6.09584797633224,85.031252491824,8.17763322846935,-8.17763322846935,0.889198141666336
36,2,"nb_glmm",3.9011017542019,4.98866918835246,55.6005829465131,6.99253632407604,-6.19534217315732,0.842989999713415
37,2,"nb_glmm",2.95201454915216,2.82178213042087,24.0309278178545,4.24394063493202,1.08679183772302,0.372970801571654
38,2,"nb_glmm",2.77340724423278,2.00937508674495,13.8119719832041,2.21496876642987,-1.84901780936353,0.644244681293596
39,2,"nb_glmm",3.08070767230355,3.02104682699331,27.7058045559061,4.17371092269785,-2.3239623127749,0.625779322591484
40,2,"nb_glmm",2.56522887336939,1.88480257457631,11.176493081828,2.86132393079629,2.51085365575936,0.267952395183831
41,2,"nb_glmm",2.98939320343816,2.66600989553225,23.5340274715967,3.35908809478466,-2.15131025584814,0.624619762957935
42,2,"nb_glmm",3.5762809080542,4.68854646030608,67.8801493256689,6.26080106985981,-5.72327874358107,0.76714500765968
43,2,"nb_glmm",2.64498323453522,1.85413143066216,10.5308003772389,2.54624306770963,-1.47047059422097,0.616921087784989
44,2,"nb_glmm",2.50543677956113,1.6059992476205,7.03163161160556,2.44965115412997,-0.0426712537684311,0.531419427487196
45,2,"nb_glmm",2.77132215521608,2.4107824981915,19.676793845186,3.44556348395012,1.99601059116884,0.302693120358109
46,2,"nb_glmm",2.64885388951929,1.91393607516597,10.1094750378208,2.7666724659251,1.3273511326738,0.370066793116251
47,2,"nb_glmm",4.17775921221472,6.5532778252894,105.348014024329,8.28438946300771,-7.14512053729581,0.754939553029698
48,2,"nb_glmm",2.32960316294948,1.47141184691537,6.25371863085192,2.32686944886766,1.33385485633943,0.357416718362
49,2,"nb_glmm",3.99731823526828,5.75889286628723,87.1956846831923,7.25288020023374,-5.00490019628421,0.674636197692817
50,2,"nb_glmm",2.48484189230229,1.75539191379563,11.2640762154037,2.63696115939166,1.47846559501296,0.369968898074454
51,2,"nb_glmm",3.29952167624151,3.12035106964668,26.6564113528791,4.31769963887454,-2.90245129678306,0.689876875745022
52,2,"nb_glmm",3.66397835770348,5.57495699862701,106.175856767566,7.17153181152896,-6.4830613078189,0.742097560796608
53,2,"nb_glmm",2.54243460060217,2.02970473403926,12.6573225996666,3.25423131873647,2.27576213262692,0.236025000911569
54,2,"nb_glmm",2.30169587887262,1.58341173120131,8.44651152738451,2.50676646280555,2.4858303975325,0.244327612015604
55,2,"nb_glmm",3.46977011534685,3.63330549898732,35.2995209716773,5.14044180444974,-1.58264549898086,0.560543664856915
56,2,"nb_glmm",2.90772895203578,2.44904905948459,19.0805960770288,3.41034923757647,-2.70965488369016,0.702444893740564
57,2,"nb_glmm",2.49978023028266,1.99229912758404,14.3741478890285,2.94259087696106,1.27373315485068,0.345619603509183
58,2,"nb_glmm",3.38822087452054,3.83418024008987,46.7739602675663,4.93320771208693,-4.38829083628019,0.740527501944647
59,2,"nb_glmm",2.88446801271316,2.50430146069026,17.8050826560046,3.62466810563497,0.346357081937942,0.4761437989289
60,2,"nb_glmm",2.33428849271374,1.59719077845619,8.09055842809749,2.43135417073507,2.43135417073507,0.249742063851183
61,2,"nb_glmm",2.4053689937052,1.73140140221524,10.4807921848845,2.57620346331252,2.21625903426282,0.278865869347458
62,2,"nb_glmm",3.45498161895965,3.51378170426085,35.4636637084577,4.48031646366741,-1.87650026003112,0.619000593584342
63,2,"nb_glmm",2.50356669416157,1.47820221422183,5.94240262096288,1.77873120689361,0.477601616592468,0.486394311268841
64,2,"nb_glmm",3.27742714974915,3.56676034854368,39.9621972038038,4.78619822322691,-3.30216863209494,0.690718888464592
65,2,"nb_glmm",2.44218193442737,1.87497491682047,11.4760440255489,3.04927982185915,2.49891117460177,0.265972423690356
1,1,"poisson_glm",2.14812550934413,1.2023756663318,4.95871354783748,1.74275653264465,1.09150006844586,0.386717692749509
2,1,"poisson_glm",2.64868201084518,1.60705191125447,7.14755459694615,2.28665107894553,0.447042899276969,0.419681217529669
3,1,"poisson_glm",3.13419568064948,2.36918202870418,15.5512604237424,3.19083534443931,0.0228419139527931,0.454262640616432
4,1,"poisson_glm",2.4464904169047,1.52214820394334,7.34354721459812,2.16998569465489,1.13133451606548,0.328447657098839
5,1,"poisson_glm",2.41151096508895,1.34594721058296,5.43202809016984,1.71502912402747,0.185190950703681,0.515966495129553
6,1,"poisson_glm",2.03143969125322,0.978976641443916,2.83147688659135,1.36777357053568,0.0951425229816073,0.512295990605786
7,1,"poisson_glm",1.99991663865211,0.998576741666871,3.10582658471615,1.49483948764194,0.0213916838529641,0.518057347185199
8,1,"poisson_glm",3.30887764987486,2.77351767897302,19.595281954497,3.82101475149492,-0.729920989459039,0.556462675318965
9,1,"poisson_glm",2.69621530546522,1.72711515345104,8.34523109639628,2.20342435991854,-0.636873959693199,0.551442449571097
10,1,"poisson_glm",3.38129126513992,2.48203794878717,14.9010392609969,3.40229005754723,0.636628767274953,0.404556834547137
11,1,"poisson_glm",1.75926544717779,0.766444312960473,1.8034524194443,1.12057578353246,1.00868625590358,0.337505455604603
12,1,"poisson_glm",3.34877103639952,2.79247921060198,20.8132714033072,3.68613384639824,-0.319225275313027,0.47744282650588
13,1,"poisson_glm",1.99655245272358,1.02333379962594,3.21581792485262,1.59693397946511,0.981065977061653,0.362485833978549
14,1,"poisson_glm",2.14974697350112,1.23899472491681,5.194991552462,1.79195821039524,-0.149400962751823,0.489922862250605
15,1,"poisson_glm",2.25384241855541,1.31649169085348,8.11708449425969,1.72433322115252,0.893067544113021,0.44816971939098
16,1,"poisson_glm",2.51987233336043,1.49053783114981,7.22720698751037,1.89716337261098,0.75377688578096,0.427149947277478
17,1,"poisson_glm",2.5568122722281,1.70928266865445,8.16800070619889,2.44498523262578,1.53957357848537,0.279164242411456
18,1,"poisson_glm",2.04367004351279,0.986556635938114,2.78594360303993,1.35458400209232,0.134293629047769,0.492669573047309
19,1,"poisson_glm",2.65954222419182,1.84662862567276,9.86591286392012,2.5838872536369,0.410007007020483,0.443646227167069
20,1,"poisson_glm",2.1364374508582,1.21969069712409,4.46860094507387,1.84206806589684,1.09622036059648,0.337272582186106
21,1,"poisson_glm",1.98163317407281,1.0119017249893,3.74613758800513,1.38807776079927,0.521038363313081,0.446002765199222
22,1,"poisson_glm",4.02984999456521,4.43687679443754,43.323588469504,5.8273942231192,-5.71146012104891,0.893351118987036
23,1,"poisson_glm",2.57645479703254,1.56823662244891,7.1805552823959,2.26353704451118,-0.129766648546931,0.492415446147517
24,1,"poisson_glm",2.77312237648955,2.24732986234315,19.504310078619,2.86418655354479,-0.674615560750361,0.479626919994827
25,1,"poisson_glm",2.52271834441117,1.70437050856625,9.74080530456807,2.34462990001595,-0.637111880036529,0.543155171594993
26,1,"poisson_glm",2.54355634326111,1.70165029350724,9.66271790004989,2.34225722468863,2.03770398382116,0.219406940119099
27,1,"poisson_glm",3.2179836237254,2.70157629826829,20.5668307072583,3.64106479642972,-1.1800446688667,0.565699217258682
28,1,"poisson_glm",2.29294782474913,1.36657158853527,5.61028741405908,1.95338614932934,1.47320123376324,0.303938178670138
29,1,"poisson_glm",2.74880782463608,1.94635042258787,10.1623686887082,2.80945822292474,-0.709892404308096,0.588246058021598
30,1,"poisson_glm",3.32192647404464,3.24643755950866,30.7022749488702,4.39702279004712,-4.12894841594132,0.80188457979442
31,2,"poisson_glm",2.55997670912477,1.83401947463641,9.65956088957476,2.49301810088734,2.43956249119172,0.21126502550808
32,2,"poisson_glm",2.35705270514657,1.59410920635889,7.47877916891217,2.45358096291228,1.98996815590783,0.247811013801522
33,2,"poisson_glm",2.73508335012568,2.08624126787196,13.2051119734845,2.94028364944614,2.26759982621134,0.242741548109191
34,2,"poisson_glm",2.49721428541503,1.55990244926664,7.32011209772246,2.14679834676287,1.48421600931286,0.323943030451133
35,2,"poisson_glm",3.88756789685713,4.16991628900795,44.5859199026784,5.50263467603516,-4.96979281799708,0.784985951911178
36,2,"poisson_glm",3.50266084706129,3.43895827529026,29.6452986497386,4.86930251242835,-3.36300097217917,0.78095600791503
37,2,"poisson_glm",3.93196572037196,3.69087640233522,33.5601365536046,4.87847368930533,1.45317453568762,0.361259626221975
38,2,"poisson_glm",2.60773282703803,1.8213628056801,14.0755876596954,2.19792453654108,-0.771820753363538,0.51718144404363
39,2,"poisson_glm",3.37798776021969,2.99807277846704,25.1386046240554,4.08957293964229,-0.419787804986198,0.528325799110472
40,2,"poisson_glm",2.8081626495806,1.91280978974999,10.1084857097222,2.75697890788243,2.11518094134322,0.254674124048176
41,2,"poisson_glm",2.90249637268911,2.32377307915481,16.9761646540549,3.25944788833311,-1.31490356096099,0.551291785838765
42,2,"poisson_glm",3.45183899310928,3.54020881261812,35.6913931715695,4.82618905969098,-2.84538865124993,0.633127525833337
43,2,"poisson_glm",2.46552815656878,1.66711030852493,8.66920771635856,2.52337421758009,-0.160428287286266,0.513912490312432
44,2,"poisson_glm",2.5875471422686,1.82579227136905,9.45150615090378,2.76360111502876,0.492079145912514,0.468825197915785
45,2,"poisson_glm",3.1983297221087,2.6907933013376,23.6829627821442,3.59665387958384,1.81075482432135,0.357526601148462
46,2,"poisson_glm",3.19059084985585,2.36328027002048,14.2608757557966,3.3004309608922,1.67972084236528,0.291419575030874
47,2,"poisson_glm",4.16188491959208,5.56653187618998,75.3730245696949,7.1128081307809,-4.59407334830683,0.657936022885913
48,2,"poisson_glm",2.31732083067788,1.50453623869434,6.49719613931948,2.38214364162582,1.12749088314315,0.335328069956421
49,2,"poisson_glm",4.85389338372198,6.41127168251881,86.2433873916828,7.94068905073412,-2.53288164421726,0.565042906540792
50,2,"poisson_glm",2.44638274861714,1.73275911359053,12.5901435365518,2.47908439466766,1.89451233867854,0.306978265132428
51,2,"poisson_glm",3.65341741960898,3.29348119251789,27.8610883955552,4.2735047391393,-1.60765953905165,0.573760042491446
52,2,"poisson_glm",3.23887416396446,4.08705874118063,69.4206161423552,4.75242110449353,-3.341957295409,0.566439196375174
53,2,"poisson_glm",2.57884541516832,1.78597493815143,9.94974601404751,2.51793338559772,1.56354947727458,0.26980247485645
54,2,"poisson_glm",2.35547971693607,1.47218458119845,6.72366328149213,2.10501742736195,1.94191711536362,0.247469765942524
55,2,"poisson_glm",4.05497836492676,4.10921402987529,39.2946128946167,5.31315156030347,-0.761971441879063,0.502658256908698
56,2,"poisson_glm",2.59933071829994,1.84286063476624,12.6574986880102,2.56929899403608,-1.18935265662351,0.581561109684052
57,2,"poisson_glm",2.81672565276229,2.39110194907929,18.9351218228332,3.24439489227524,1.28216708219536,0.28547764065435
58,2,"poisson_glm",3.29214591075836,3.40528371542734,36.4812178623429,4.50719084557568,-2.05427202252155,0.608294828436891
59,2,"poisson_glm",3.58401265698554,2.99392721093663,23.0989932193774,3.9646993573711,0.65093913404028,0.487865373031908
60,2,"poisson_glm",2.41899459893717,1.5675338116547,7.36278822631927,2.09399931595189,1.99327341227961,0.248847672863793
61,2,"poisson_glm",2.46222462969474,1.64989923945869,9.83973012251259,2.25087620282131,1.72713175984559,0.30618562322292
62,2,"poisson_glm",3.98864541258118,4.36538796411551,48.2860036362475,5.37820351013137,-0.319143517428879,0.510761074400192
63,2,"poisson_glm",2.58053942474462,1.65147115544031,8.73220278986244,2.17008433193277,1.32854893871367,0.383825350068627
64,2,"poisson_glm",3.61100152274097,4.01849250297734,44.0735642633722,5.34408937731511,-1.57631769239483,0.587212184843208
65,2,"poisson_glm",2.76924110706964,2.00732954088122,12.0434916246054,2.85355843400723,2.34511044984385,0.240995549747161
