"rep","task","horizon","model","log_score","rps","squared_error","rmse","log_score_nb","rps_nb","rmse_nb","diff_log_score_vs_nb","diff_rps_vs_nb","diff_rmse_vs_nb"
1,"recursive_multi_step",1,"inad_constrained_alpha",2.47021666459852,2.19923508312632,17.4625083333333,4.17881661877299,2.5332217351842,2.21873982116492,4.2551910711133,-0.0630050705856813,-0.0195047380386009,-0.076374452340306
1,"recursive_multi_step",1,"inad_unconstrained",2.58227925085339,2.38435790140801,19.4596416666667,4.41130838489746,2.5332217351842,2.21873982116492,4.2551910711133,0.0490575156691877,0.165618080243088,0.156117313784167
1,"recursive_multi_step",2,"inad_constrained_alpha",2.72527018715632,2.11019882498659,11.0096083333333,3.31807298493167,2.64838750535326,2.13976510682306,3.27962790261698,0.076882681803057,-0.0295662818364746,0.03844508231469
1,"recursive_multi_step",2,"inad_unconstrained",2.60419215352539,2.05478747503226,12.1673666666667,3.48817526318083,2.64838750535326,2.13976510682306,3.27962790261698,-0.0441953518278675,-0.0849776317908,0.208547360563856
1,"recursive_multi_step",3,"inad_constrained_alpha",2.20609273959907,1.55029495363299,11.2809333333333,3.35871006985321,2.3102085689413,1.61323888538163,3.46558379470905,-0.104115829342232,-0.062943931748632,-0.106873724855847
1,"recursive_multi_step",3,"inad_unconstrained",2.34547431098206,1.59634711514027,11.6772,3.4171918295583,2.3102085689413,1.61323888538163,3.46558379470905,0.0352657420407652,-0.0168917702413569,-0.0483919651507541
1,"recursive_multi_step",4,"inad_constrained_alpha",2.66218068959799,1.52967829655252,5.62189166666667,2.37105286036956,2.34584076080449,1.57860348087545,2.30554434591142,0.316339928793504,-0.0489251843229297,0.0655085144581427
1,"recursive_multi_step",4,"inad_unconstrained",2.44373683459764,1.68571129790974,6.310225,2.51201612255973,2.34584076080449,1.57860348087545,2.30554434591142,0.0978960737931596,0.10710781703429,0.20647177664831
1,"rolling_one_step",1,"inad_constrained_alpha",2.57399187834125,1.84617792721087,11.3069143939394,3.36257555958813,2.49661385384528,1.88367717264334,3.42310136189915,0.0773780244959728,-0.0374992454324699,-0.060525802311028
1,"rolling_one_step",1,"inad_unconstrained",2.55032927477327,1.98715389988518,13.2564810606061,3.64094507794419,2.49661385384528,1.88367717264334,3.42310136189915,0.053715420927988,0.103476727241836,0.217843716045042
2,"recursive_multi_step",1,"inad_unconstrained",2.41465831288917,1.44386419601847,7.294875,2.70090262690087,2.39027802233286,1.57315760719247,2.86413039158879,0.0243802905563077,-0.129293411174002,-0.163227764687927
2,"recursive_multi_step",1,"inad_constrained_alpha",2.38982120326575,1.452962817487,7.02515833333333,2.65050152486908,2.39027802233286,1.57315760719247,2.86413039158879,-0.00045681906711037,-0.120194789705471,-0.213628866719711
2,"recursive_multi_step",2,"inad_unconstrained",2.56353794401643,1.80455519214356,8.69660833333333,2.94900124335907,2.72135972059843,2.14963277051906,3.38011593980893,-0.157821776581997,-0.345077578375494,-0.431114696449864
2,"recursive_multi_step",2,"inad_constrained_alpha",2.6693913874085,2.22405263181806,10.6102333333333,3.25733531177454,2.72135972059843,2.14963277051906,3.38011593980893,-0.0519683331899268,0.0744198612990066,-0.122780628034394
2,"recursive_multi_step",3,"inad_unconstrained",2.50577794521206,2.09566915866609,19.5916916666667,4.42625029417301,2.53029411481898,2.28328006148121,4.55842827752352,-0.0245161696069207,-0.187610902815124,-0.132177983350509
2,"recursive_multi_step",3,"inad_constrained_alpha",2.60517333733238,2.33033448152815,22.0045083333333,4.69089632515294,2.53029411481898,2.28328006148121,4.55842827752352,0.0748792225133998,0.0470544200469396,0.132468047629417
2,"recursive_multi_step",4,"inad_unconstrained",2.3882577211096,1.61726298227616,9.71351666666667,3.11665151511469,2.35788422640401,1.65461117621005,3.15679785254076,0.0303734947055911,-0.0373481939338896,-0.0401463374260693
2,"recursive_multi_step",4,"inad_constrained_alpha",2.3619201989608,1.68761826556488,10.2917,3.20806795439249,2.35788422640401,1.65461117621005,3.15679785254076,0.004035972556792,0.0330070893548324,0.0512701018517321
2,"rolling_one_step",1,"inad_unconstrained",2.55824431438876,1.92474568806768,12.5906946969697,3.54833689169584,2.53397272867228,1.91388899022372,3.4782087297579,0.0242715857164781,0.0108566978439639,0.0701281619379448
2,"rolling_one_step",1,"inad_constrained_alpha",2.53075439737731,1.92919090415877,12.5826643939394,3.54720515250237,2.53397272867228,1.91388899022372,3.4782087297579,-0.00321833129496607,0.0153019139350576,0.0689964227444788
3,"recursive_multi_step",1,"inad_unconstrained",2.62934978564208,1.66131193500115,7.68854166666667,2.77282196807993,2.50326781219584,1.65561119825307,2.80791416328136,0.126081973446236,0.0057007367480808,-0.0350921952014294
3,"recursive_multi_step",1,"inad_constrained_alpha",2.52942382888133,1.62305501768297,7.76675833333333,2.78689044157343,2.50326781219584,1.65561119825307,2.80791416328136,0.0261560166854884,-0.0325561805701027,-0.0210237217079334
3,"recursive_multi_step",2,"inad_unconstrained",2.73328984936472,2.0467385982794,12.4428333333333,3.52744005382563,2.59278006375645,1.97583021427573,3.455699952247,0.140509785608273,0.0709083840036633,0.071740101578627
3,"recursive_multi_step",2,"inad_constrained_alpha",2.69447106058011,1.96038044046652,11.0923,3.33051047138423,2.59278006375645,1.97583021427573,3.455699952247,0.101690996823657,-0.0154497738092094,-0.125189480862769
3,"recursive_multi_step",3,"inad_unconstrained",2.82583819456371,2.50827115307837,20.4550083333333,4.52272134155238,2.7343173364052,2.65649380817512,4.64347073854988,0.0915208581585145,-0.148222655096744,-0.120749396997507
3,"recursive_multi_step",3,"inad_constrained_alpha",2.7448507105988,2.66905807833623,22.0991,4.70096798542598,2.7343173364052,2.65649380817512,4.64347073854988,0.0105333741936064,0.0125642701611133,0.0574972468760961
3,"recursive_multi_step",4,"inad_unconstrained",2.50839922051565,1.84782267716971,12.6041083333333,3.55022651859474,2.36137203565605,1.84995487981888,3.45777355877603,0.147027184859597,-0.00213220264917391,0.0924529598187096
3,"recursive_multi_step",4,"inad_constrained_alpha",2.37705747888054,1.89914218838197,13.41645,3.66284725316249,2.36137203565605,1.84995487981888,3.45777355877603,0.0156854432244868,0.0491873085630907,0.205073694386459
3,"rolling_one_step",1,"inad_unconstrained",2.44678786238809,1.88146376182279,11.5701310606061,3.40148953557204,2.45805324137723,1.85029005721595,3.19175426121951,-0.0112653789891426,0.0311737046068448,0.209735274352528
3,"rolling_one_step",1,"inad_constrained_alpha",2.42575440120017,1.8052018666288,10.3123924242424,3.21129139509986,2.45805324137723,1.85029005721595,3.19175426121951,-0.0322988401770603,-0.0450881905871447,0.0195371338803549
4,"recursive_multi_step",1,"inad_unconstrained",2.65926964833379,2.50817370401076,20.5551166666667,4.53377510102416,2.77666141024567,2.60821052231378,4.77199325521028,-0.117391761911886,-0.100036818303023,-0.238218154186111
4,"recursive_multi_step",1,"inad_constrained_alpha",2.85046230254316,2.63372689889371,22.2129833333333,4.71306517388985,2.77666141024567,2.60821052231378,4.77199325521028,0.0738008922974895,0.0255163765799313,-0.0589280813204285
4,"recursive_multi_step",2,"inad_unconstrained",2.25578751054026,1.35326180764479,6.15195833333333,2.48031416020901,2.24531886887268,1.31480589049615,2.34728201587167,0.0104686416675746,0.0384559171486423,0.133032144337346
4,"recursive_multi_step",2,"inad_constrained_alpha",2.3545150507673,1.49831934063863,7.36631666666667,2.71409592068274,2.24531886887268,1.31480589049615,2.34728201587167,0.109196181894617,0.183513450142482,0.366813904811071
4,"recursive_multi_step",3,"inad_unconstrained",2.48229635690536,2.02107418387908,12.428225,3.52536877503617,2.40125492362711,1.833708910536,3.17293785319651,0.0810414332782461,0.187365273343083,0.352430921839655
4,"recursive_multi_step",3,"inad_constrained_alpha",2.58913614260753,2.0965220384054,13.5119166666667,3.67585590939942,2.40125492362711,1.833708910536,3.17293785319651,0.187881218980414,0.262813127869402,0.502918056202913
4,"recursive_multi_step",4,"inad_unconstrained",2.14807733205979,1.70007706266976,9.641725,3.10511271937107,2.21513381736261,1.69860780157684,2.89649320887101,-0.067056485302825,0.0014692610929159,0.208619510500063
4,"recursive_multi_step",4,"inad_constrained_alpha",2.22669158444518,1.87206041333174,11.8903833333333,3.44824351421609,2.21513381736261,1.69860780157684,2.89649320887101,0.0115577670825653,0.173452611754906,0.551750305345083
4,"rolling_one_step",1,"inad_unconstrained",2.58033599031015,2.01785849352299,14.0558977272727,3.74911959362098,2.5008813310654,2.00417404574105,3.70359364912028,0.0794546592447536,0.0136844477819391,0.0455259445006941
4,"rolling_one_step",1,"inad_constrained_alpha",2.61686278337787,2.07380449247702,13.6981507575758,3.70110128982925,2.5008813310654,2.00417404574105,3.70359364912028,0.11598145231247,0.0696304467359719,-0.00249235929103131
5,"recursive_multi_step",1,"inad_constrained_alpha",2.78952008516651,2.61387173893091,21.4511166666667,4.63153502271835,2.87751518719318,2.66942437127795,4.9763082196311,-0.0879951020266634,-0.0555526323470428,-0.344773196912746
5,"recursive_multi_step",1,"inad_unconstrained",3.06180071791907,2.82454501616024,26.8310416666667,5.17986888508451,2.87751518719318,2.66942437127795,4.9763082196311,0.184285530725895,0.155120644882289,0.203560665453416
5,"recursive_multi_step",2,"inad_constrained_alpha",2.78595033523961,2.22918393999578,14.134425,3.75957776884586,2.73602102526497,2.21068045390352,3.75683962792028,0.0499293099746438,0.0185034860922597,0.00273814092557423
5,"recursive_multi_step",2,"inad_unconstrained",2.82710693132878,2.1398778495664,12.81855,3.58030026673741,2.73602102526497,2.21068045390352,3.75683962792028,0.0910859060638134,-0.0708026043371222,-0.17653936118287
5,"recursive_multi_step",3,"inad_constrained_alpha",2.46600705867982,1.89632648173038,11.6645416666667,3.41533917300561,2.53101868895901,1.91976134652214,3.44286133440758,-0.0650116302791925,-0.0234348647917528,-0.0275221614019654
5,"recursive_multi_step",3,"inad_unconstrained",2.48204276531733,1.81668011833465,10.8992166666667,3.30139616929969,2.53101868895901,1.91976134652214,3.44286133440758,-0.0489759236416876,-0.10308122818749,-0.141465165107889
5,"recursive_multi_step",4,"inad_constrained_alpha",2.52222741983535,2.26315695744761,17.2510083333333,4.1534333187537,2.71120144181494,2.27955074773295,4.14884556679513,-0.18897402197959,-0.0163937902853331,0.00458775195856997
5,"recursive_multi_step",4,"inad_unconstrained",2.59633935136391,2.2072557548792,16.4773416666667,4.05922919612414,2.71120144181494,2.27955074773295,4.14884556679513,-0.114862090451025,-0.0722949928537493,-0.0896163706709814
5,"rolling_one_step",1,"inad_constrained_alpha",2.65898474722977,2.10163220380264,14.7613727272727,3.84205319162459,2.62858376972673,2.09680379929801,3.92590577966988,0.0304009775030316,0.00482840450462785,-0.0838525880452896
5,"rolling_one_step",1,"inad_unconstrained",2.65862488998029,2.03748764297662,14.0360295454545,3.74646894361271,2.62858376972673,2.09680379929801,3.92590577966988,0.0300411202535558,-0.0593161563213918,-0.179436836057172
