"fold","model","logLik","theta","rho","convergence","heldout_subjects"
1,"cgfm_independent",-2126.60791217013,0.494811543061294,0,0,"24,63"
1,"cgfm_shared",-2178.52286466702,0.245169241651324,1,0,"24,63"
1,"cgfm_time_varying",-2094.02607672775,0.496844311364765,0.853815386255314,0,"24,63"
2,"cgfm_independent",-2123.54820488874,0.497883227444253,0,0,"13,39"
2,"cgfm_shared",-2173.41347393715,0.243618838585421,1,0,"13,39"
2,"cgfm_time_varying",-2091.63385772466,0.499644400384994,0.85180551778746,0,"13,39"
3,"cgfm_independent",-2133.176588808,0.479568109272677,0,0,"20,34"
3,"cgfm_shared",-2193.92417203835,0.231592492244118,1,0,"20,34"
3,"cgfm_time_varying",-2102.64842432679,0.482330063019434,0.846732865210464,0,"20,34"
4,"cgfm_independent",-2114.44810219748,0.493108363480683,0,0,"14,42"
4,"cgfm_shared",-2172.93528889113,0.235368116766185,1,0,"14,42"
4,"cgfm_time_varying",-2084.45893193904,0.494774736390182,0.845098120810801,0,"14,42"
5,"cgfm_independent",-2124.3545639215,0.493157293598585,0,0,"15,62"
5,"cgfm_shared",-2173.05484790623,0.24311560911056,1,0,"15,62"
5,"cgfm_time_varying",-2091.44654141437,0.494903984305802,0.853848884694228,0,"15,62"
6,"cgfm_independent",-2129.18711918315,0.479288339855448,0,0,"21,53"
6,"cgfm_shared",-2186.87231519883,0.232048898688266,1,0,"21,53"
6,"cgfm_time_varying",-2098.52460526625,0.48072954481159,0.846314078359479,0,"21,53"
7,"cgfm_independent",-2125.8094657115,0.498752436180058,0,0,"7,51"
7,"cgfm_shared",-2178.06627955152,0.244212330345185,1,0,"7,51"
7,"cgfm_time_varying",-2093.50401484929,0.500152122245561,0.85130677215185,0,"7,51"
8,"cgfm_independent",-2124.27326099813,0.491477655126703,0,0,"27,50"
8,"cgfm_shared",-2169.8863945614,0.243425041200916,1,0,"27,50"
8,"cgfm_time_varying",-2091.69661639396,0.493400038147797,0.854790820092597,0,"27,50"
9,"cgfm_independent",-2123.39384552083,0.496866026741967,0,0,"23,64"
9,"cgfm_shared",-2172.7531578204,0.244039615076534,1,0,"23,64"
9,"cgfm_time_varying",-2091.03960109751,0.49832872887651,0.853121085447439,0,"23,64"
10,"cgfm_independent",-2114.10825769345,0.475014981762202,0,0,"28,47"
10,"cgfm_shared",-2167.90316338015,0.228282874185901,1,0,"28,47"
10,"cgfm_time_varying",-2084.04664356732,0.476813948110677,0.846633018046028,0,"28,47"
11,"cgfm_independent",-2114.30993672307,0.475617665256603,0,0,"10,52"
11,"cgfm_shared",-2160.61347220357,0.231508937153313,1,0,"10,52"
11,"cgfm_time_varying",-2082.67710338079,0.476976348343663,0.851014805902757,0,"10,52"
12,"cgfm_independent",-2128.9031121357,0.48701999336784,0,0,"25,54"
12,"cgfm_shared",-2191.79626649731,0.23387074859488,1,0,"25,54"
12,"cgfm_time_varying",-2098.34606030983,0.489400149037647,0.846526693374841,0,"25,54"
13,"cgfm_independent",-2127.92231690334,0.489895687639227,0,0,"1,55"
13,"cgfm_shared",-2174.98550722718,0.241634035208926,1,0,"1,55"
13,"cgfm_time_varying",-2094.88046641102,0.492105287993604,0.855548779667048,0,"1,55"
14,"cgfm_independent",-2107.80163921298,0.478719392407979,0,0,"30,59"
14,"cgfm_shared",-2169.88624123189,0.226771790196195,1,0,"30,59"
14,"cgfm_time_varying",-2079.55625290593,0.481106874661409,0.841434345108142,0,"30,59"
15,"cgfm_independent",-2131.59200679106,0.497308614126817,0,0,"19,32"
15,"cgfm_shared",-2192.959183552,0.240385028793953,1,0,"19,32"
15,"cgfm_time_varying",-2100.12030471926,0.500053803947672,0.848406941353451,0,"19,32"
16,"cgfm_independent",-2127.99352726769,0.484987611093795,0,0,"5,45"
16,"cgfm_shared",-2176.78979326529,0.241547359081442,1,0,"5,45"
16,"cgfm_time_varying",-2096.31757506372,0.486930248071017,0.85142789168462,0,"5,45"
17,"cgfm_independent",-2117.09831041616,0.484877423363142,0,0,"4,36"
17,"cgfm_shared",-2179.98021929436,0.232429863530256,1,0,"4,36"
17,"cgfm_time_varying",-2087.72806329958,0.486995046766767,0.841976099928186,0,"4,36"
18,"cgfm_independent",-2131.77752906692,0.494011017207493,0,0,"6,33"
18,"cgfm_shared",-2196.16064738326,0.237931290825611,1,0,"6,33"
18,"cgfm_time_varying",-2101.16622758459,0.49645255439313,0.845501647658153,0,"6,33"
19,"cgfm_independent",-2127.27629352958,0.459163672601595,0,0,"26,40"
19,"cgfm_shared",-2163.14826818311,0.234109474491177,1,0,"26,40"
19,"cgfm_time_varying",-2096.41046922158,0.45979292550423,0.850971513721364,0,"26,40"
20,"cgfm_independent",-2129.81137028683,0.488639087944971,0,0,"29,60"
20,"cgfm_shared",-2192.53605711195,0.235493125299633,1,0,"29,60"
20,"cgfm_time_varying",-2099.14352553112,0.490915280114653,0.845885607935425,0,"29,60"
21,"cgfm_independent",-2130.17497420289,0.488915132174405,0,0,"2,37"
21,"cgfm_shared",-2179.78922074734,0.242893208198136,1,0,"2,37"
21,"cgfm_time_varying",-2097.68744079176,0.491558232862858,0.853766934564127,0,"2,37"
22,"cgfm_independent",-2130.60005934479,0.488991287121992,0,0,"3,65"
22,"cgfm_shared",-2184.08797466062,0.240602144198019,1,0,"3,65"
22,"cgfm_time_varying",-2098.38568504945,0.491726637107058,0.851894721903141,0,"3,65"
23,"cgfm_independent",-2132.44515449892,0.495379557381916,0,0,"18,57"
23,"cgfm_shared",-2190.68726881206,0.24105064571064,1,0,"18,57"
23,"cgfm_time_varying",-2100.81041675334,0.497827863492011,0.849554321541993,0,"18,57"
24,"cgfm_independent",-2121.32179259124,0.496964742233794,0,0,"8,41"
24,"cgfm_shared",-2169.49892290447,0.243801183150664,1,0,"8,41"
24,"cgfm_time_varying",-2088.9039792297,0.498544129403989,0.853014536863859,0,"8,41"
25,"cgfm_independent",-2088.27195241101,0.468794906955457,0,0,"22,35"
25,"cgfm_shared",-2167.75509517231,0.213665510203053,1,0,"22,35"
25,"cgfm_time_varying",-2064.73374277239,0.47180698037637,0.822506402993946,0,"22,35"
26,"cgfm_independent",-2128.62873728354,0.492367099825859,0,0,"9,48"
26,"cgfm_shared",-2187.31735996376,0.239707583775863,1,0,"9,48"
26,"cgfm_time_varying",-2097.28970586737,0.49445396441698,0.848369827900687,0,"9,48"
27,"cgfm_independent",-2128.07031393337,0.480317805761953,0,0,"12,61"
27,"cgfm_shared",-2179.80627614383,0.23612937792554,1,0,"12,61"
27,"cgfm_time_varying",-2096.20947643592,0.482721131215544,0.851605548159205,0,"12,61"
28,"cgfm_independent",-2119.50070027166,0.473110716588015,0,0,"17,49"
28,"cgfm_shared",-2166.85783516596,0.228466525395594,1,0,"17,49"
28,"cgfm_time_varying",-2088.02862961634,0.47384311162501,0.850252501556935,0,"17,49"
29,"cgfm_independent",-2131.37453361286,0.500195262950474,0,0,"16,44"
29,"cgfm_shared",-2191.3152996043,0.24416302338739,1,0,"16,44"
29,"cgfm_time_varying",-2099.41426958149,0.502593713822374,0.849787939888793,0,"16,44"
30,"cgfm_independent",-2125.03351658783,0.498390015655985,0,0,"11,58"
30,"cgfm_shared",-2185.31701320883,0.238969913841258,1,0,"11,58"
30,"cgfm_time_varying",-2094.00990740731,0.500180578288685,0.846877665856925,0,"11,58"
31,"cgfm_independent",-2121.78641343569,0.496866276546474,0,0,"24,56"
31,"cgfm_shared",-2175.80864398666,0.244002304486582,1,0,"24,56"
31,"cgfm_time_varying",-2089.76181916301,0.498369900566192,0.851424064942074,0,"24,56"
32,"cgfm_independent",-2127.26356717429,0.503588169788087,0,0,"13,43"
32,"cgfm_shared",-2182.85200438911,0.245112405378714,1,0,"13,43"
32,"cgfm_time_varying",-2095.63271478947,0.50552264487825,0.849769321042096,0,"13,43"
33,"cgfm_independent",-2129.85687608127,0.496269889824463,0,0,"20,38"
33,"cgfm_shared",-2187.45564922149,0.24190317718729,1,0,"20,38"
33,"cgfm_time_varying",-2098.20082743437,0.498190149943055,0.849254794328883,0,"20,38"
34,"cgfm_independent",-2128.13470719308,0.49448898357556,0,0,"14,46"
34,"cgfm_shared",-2184.10334363462,0.24250059371876,1,0,"14,46"
34,"cgfm_time_varying",-2096.6874925001,0.496792303898538,0.850341916611935,0,"14,46"
35,"cgfm_independent",-2132.80881558104,0.486736174310695,0,0,"15,31"
35,"cgfm_shared",-2192.01964229728,0.237245904116852,1,0,"15,31"
35,"cgfm_time_varying",-2102.01867112209,0.489540781566647,0.848033033484251,0,"15,31"
