"rep","baseline","ok","message","family","size","note","fold","heldout_subjects"
1,"nb_glmm",TRUE,NA,"nbinom",5.18613230094608,NA,1,"24,63"
1,"tscount_tsglm",TRUE,NA,"nbinom",2.7491952722517,"Exploratory panel surrogate: tscount::tsglm is fit to the pooled subject-by-time training sequence. Subject-boundary lags are therefore not reset by tscount and this baseline should be interpreted cautiously.",1,"24,63"
2,"nb_glmm",TRUE,NA,"nbinom",5.02778923350328,NA,2,"13,39"
2,"tscount_tsglm",TRUE,NA,"nbinom",2.67506011040668,"Exploratory panel surrogate: tscount::tsglm is fit to the pooled subject-by-time training sequence. Subject-boundary lags are therefore not reset by tscount and this baseline should be interpreted cautiously.",2,"13,39"
3,"nb_glmm",TRUE,NA,"nbinom",5.12968127961523,NA,3,"20,34"
3,"tscount_tsglm",TRUE,NA,"nbinom",2.76371717233204,"Exploratory panel surrogate: tscount::tsglm is fit to the pooled subject-by-time training sequence. Subject-boundary lags are therefore not reset by tscount and this baseline should be interpreted cautiously.",3,"20,34"
4,"nb_glmm",TRUE,NA,"nbinom",4.96825523948842,NA,4,"14,42"
4,"tscount_tsglm",TRUE,NA,"nbinom",2.66446411027478,"Exploratory panel surrogate: tscount::tsglm is fit to the pooled subject-by-time training sequence. Subject-boundary lags are therefore not reset by tscount and this baseline should be interpreted cautiously.",4,"14,42"
5,"nb_glmm",TRUE,NA,"nbinom",5.25172186165427,NA,5,"15,62"
5,"tscount_tsglm",TRUE,NA,"nbinom",2.78106313436232,"Exploratory panel surrogate: tscount::tsglm is fit to the pooled subject-by-time training sequence. Subject-boundary lags are therefore not reset by tscount and this baseline should be interpreted cautiously.",5,"15,62"
6,"nb_glmm",TRUE,NA,"nbinom",5.11681040566663,NA,6,"21,53"
6,"tscount_tsglm",TRUE,NA,"nbinom",2.73729963131876,"Exploratory panel surrogate: tscount::tsglm is fit to the pooled subject-by-time training sequence. Subject-boundary lags are therefore not reset by tscount and this baseline should be interpreted cautiously.",6,"21,53"
7,"nb_glmm",TRUE,NA,"nbinom",4.92154492495788,NA,7,"7,51"
7,"tscount_tsglm",TRUE,NA,"nbinom",2.65875952043676,"Exploratory panel surrogate: tscount::tsglm is fit to the pooled subject-by-time training sequence. Subject-boundary lags are therefore not reset by tscount and this baseline should be interpreted cautiously.",7,"7,51"
8,"nb_glmm",TRUE,NA,"nbinom",5.18435467808518,NA,8,"27,50"
8,"tscount_tsglm",TRUE,NA,"nbinom",2.74558895625065,"Exploratory panel surrogate: tscount::tsglm is fit to the pooled subject-by-time training sequence. Subject-boundary lags are therefore not reset by tscount and this baseline should be interpreted cautiously.",8,"27,50"
9,"nb_glmm",TRUE,NA,"nbinom",5.08276141846156,NA,9,"23,64"
9,"tscount_tsglm",TRUE,NA,"nbinom",2.73356632126915,"Exploratory panel surrogate: tscount::tsglm is fit to the pooled subject-by-time training sequence. Subject-boundary lags are therefore not reset by tscount and this baseline should be interpreted cautiously.",9,"23,64"
10,"nb_glmm",TRUE,NA,"nbinom",5.2171811156188,NA,10,"28,47"
10,"tscount_tsglm",TRUE,NA,"nbinom",2.86044402101524,"Exploratory panel surrogate: tscount::tsglm is fit to the pooled subject-by-time training sequence. Subject-boundary lags are therefore not reset by tscount and this baseline should be interpreted cautiously.",10,"28,47"
11,"nb_glmm",TRUE,NA,"nbinom",5.3377820862586,NA,11,"10,52"
11,"tscount_tsglm",TRUE,NA,"nbinom",2.78570697814043,"Exploratory panel surrogate: tscount::tsglm is fit to the pooled subject-by-time training sequence. Subject-boundary lags are therefore not reset by tscount and this baseline should be interpreted cautiously.",11,"10,52"
12,"nb_glmm",TRUE,NA,"nbinom",5.04467675924701,NA,12,"25,54"
12,"tscount_tsglm",TRUE,NA,"nbinom",2.75076456940625,"Exploratory panel surrogate: tscount::tsglm is fit to the pooled subject-by-time training sequence. Subject-boundary lags are therefore not reset by tscount and this baseline should be interpreted cautiously.",12,"25,54"
13,"nb_glmm",TRUE,NA,"nbinom",5.2951749057247,NA,13,"1,55"
13,"tscount_tsglm",TRUE,NA,"nbinom",2.84329307018325,"Exploratory panel surrogate: tscount::tsglm is fit to the pooled subject-by-time training sequence. Subject-boundary lags are therefore not reset by tscount and this baseline should be interpreted cautiously.",13,"1,55"
14,"nb_glmm",TRUE,NA,"nbinom",5.09142262366097,NA,14,"30,59"
14,"tscount_tsglm",TRUE,NA,"nbinom",2.73098675140484,"Exploratory panel surrogate: tscount::tsglm is fit to the pooled subject-by-time training sequence. Subject-boundary lags are therefore not reset by tscount and this baseline should be interpreted cautiously.",14,"30,59"
15,"nb_glmm",TRUE,NA,"nbinom",4.97350706536705,NA,15,"19,32"
15,"tscount_tsglm",TRUE,NA,"nbinom",2.7244324606985,"Exploratory panel surrogate: tscount::tsglm is fit to the pooled subject-by-time training sequence. Subject-boundary lags are therefore not reset by tscount and this baseline should be interpreted cautiously.",15,"19,32"
16,"nb_glmm",TRUE,NA,"nbinom",5.24347011077148,NA,16,"5,45"
16,"tscount_tsglm",TRUE,NA,"nbinom",2.70808425402931,"Exploratory panel surrogate: tscount::tsglm is fit to the pooled subject-by-time training sequence. Subject-boundary lags are therefore not reset by tscount and this baseline should be interpreted cautiously.",16,"5,45"
17,"nb_glmm",TRUE,NA,"nbinom",5.00667391214576,NA,17,"4,36"
17,"tscount_tsglm",TRUE,NA,"nbinom",2.72455200246771,"Exploratory panel surrogate: tscount::tsglm is fit to the pooled subject-by-time training sequence. Subject-boundary lags are therefore not reset by tscount and this baseline should be interpreted cautiously.",17,"4,36"
18,"nb_glmm",TRUE,NA,"nbinom",4.96412559366743,NA,18,"6,33"
18,"tscount_tsglm",TRUE,NA,"nbinom",2.71998124775148,"Exploratory panel surrogate: tscount::tsglm is fit to the pooled subject-by-time training sequence. Subject-boundary lags are therefore not reset by tscount and this baseline should be interpreted cautiously.",18,"6,33"
19,"nb_glmm",TRUE,NA,"nbinom",5.34239699413019,NA,19,"26,40"
19,"tscount_tsglm",TRUE,NA,"nbinom",2.8738142423341,"Exploratory panel surrogate: tscount::tsglm is fit to the pooled subject-by-time training sequence. Subject-boundary lags are therefore not reset by tscount and this baseline should be interpreted cautiously.",19,"26,40"
20,"nb_glmm",TRUE,NA,"nbinom",5.01887603830627,NA,20,"29,60"
20,"tscount_tsglm",TRUE,NA,"nbinom",2.3894294207384,"Exploratory panel surrogate: tscount::tsglm is fit to the pooled subject-by-time training sequence. Subject-boundary lags are therefore not reset by tscount and this baseline should be interpreted cautiously.",20,"29,60"
21,"nb_glmm",TRUE,NA,"nbinom",5.30349537196323,NA,21,"2,37"
21,"tscount_tsglm",TRUE,NA,"nbinom",2.75721240800972,"Exploratory panel surrogate: tscount::tsglm is fit to the pooled subject-by-time training sequence. Subject-boundary lags are therefore not reset by tscount and this baseline should be interpreted cautiously.",21,"2,37"
22,"nb_glmm",TRUE,NA,"nbinom",5.16443212881442,NA,22,"3,65"
22,"tscount_tsglm",TRUE,NA,"nbinom",2.81222486752949,"Exploratory panel surrogate: tscount::tsglm is fit to the pooled subject-by-time training sequence. Subject-boundary lags are therefore not reset by tscount and this baseline should be interpreted cautiously.",22,"3,65"
23,"nb_glmm",TRUE,NA,"nbinom",5.03542615172941,NA,23,"18,57"
23,"tscount_tsglm",TRUE,NA,"nbinom",2.72562075626276,"Exploratory panel surrogate: tscount::tsglm is fit to the pooled subject-by-time training sequence. Subject-boundary lags are therefore not reset by tscount and this baseline should be interpreted cautiously.",23,"18,57"
24,"nb_glmm",TRUE,NA,"nbinom",5.13479407492811,NA,24,"8,41"
24,"tscount_tsglm",TRUE,NA,"nbinom",2.44231524686106,"Exploratory panel surrogate: tscount::tsglm is fit to the pooled subject-by-time training sequence. Subject-boundary lags are therefore not reset by tscount and this baseline should be interpreted cautiously.",24,"8,41"
25,"nb_glmm",TRUE,NA,"nbinom",4.71559645112548,NA,25,"22,35"
25,"tscount_tsglm",TRUE,NA,"nbinom",2.75697408842071,"Exploratory panel surrogate: tscount::tsglm is fit to the pooled subject-by-time training sequence. Subject-boundary lags are therefore not reset by tscount and this baseline should be interpreted cautiously.",25,"22,35"
26,"nb_glmm",TRUE,NA,"nbinom",5.01064423138469,NA,26,"9,48"
26,"tscount_tsglm",TRUE,NA,"nbinom",2.68658797064688,"Exploratory panel surrogate: tscount::tsglm is fit to the pooled subject-by-time training sequence. Subject-boundary lags are therefore not reset by tscount and this baseline should be interpreted cautiously.",26,"9,48"
27,"nb_glmm",TRUE,NA,"nbinom",5.30634333125385,NA,27,"12,61"
27,"tscount_tsglm",TRUE,NA,"nbinom",2.7931021646503,"Exploratory panel surrogate: tscount::tsglm is fit to the pooled subject-by-time training sequence. Subject-boundary lags are therefore not reset by tscount and this baseline should be interpreted cautiously.",27,"12,61"
28,"nb_glmm",TRUE,NA,"nbinom",5.40397942702182,NA,28,"17,49"
28,"tscount_tsglm",TRUE,NA,"nbinom",2.86169925745907,"Exploratory panel surrogate: tscount::tsglm is fit to the pooled subject-by-time training sequence. Subject-boundary lags are therefore not reset by tscount and this baseline should be interpreted cautiously.",28,"17,49"
29,"nb_glmm",TRUE,NA,"nbinom",5.00751636147399,NA,29,"16,44"
29,"tscount_tsglm",TRUE,NA,"nbinom",2.70714198060857,"Exploratory panel surrogate: tscount::tsglm is fit to the pooled subject-by-time training sequence. Subject-boundary lags are therefore not reset by tscount and this baseline should be interpreted cautiously.",29,"16,44"
30,"nb_glmm",TRUE,NA,"nbinom",4.91240253557446,NA,30,"11,58"
30,"tscount_tsglm",TRUE,NA,"nbinom",2.55604182911805,"Exploratory panel surrogate: tscount::tsglm is fit to the pooled subject-by-time training sequence. Subject-boundary lags are therefore not reset by tscount and this baseline should be interpreted cautiously.",30,"11,58"
31,"nb_glmm",TRUE,NA,"nbinom",5.11418525525955,NA,31,"24,56"
31,"tscount_tsglm",TRUE,NA,"nbinom",2.73875651498641,"Exploratory panel surrogate: tscount::tsglm is fit to the pooled subject-by-time training sequence. Subject-boundary lags are therefore not reset by tscount and this baseline should be interpreted cautiously.",31,"24,56"
32,"nb_glmm",TRUE,NA,"nbinom",4.87963320508267,NA,32,"13,43"
32,"tscount_tsglm",TRUE,NA,"nbinom",2.66043997769013,"Exploratory panel surrogate: tscount::tsglm is fit to the pooled subject-by-time training sequence. Subject-boundary lags are therefore not reset by tscount and this baseline should be interpreted cautiously.",32,"13,43"
33,"nb_glmm",TRUE,NA,"nbinom",4.97531898066235,NA,33,"20,38"
33,"tscount_tsglm",TRUE,NA,"nbinom",2.68404222661798,"Exploratory panel surrogate: tscount::tsglm is fit to the pooled subject-by-time training sequence. Subject-boundary lags are therefore not reset by tscount and this baseline should be interpreted cautiously.",33,"20,38"
34,"nb_glmm",TRUE,NA,"nbinom",5.09204350449207,NA,34,"14,46"
34,"tscount_tsglm",TRUE,NA,"nbinom",2.74363946626824,"Exploratory panel surrogate: tscount::tsglm is fit to the pooled subject-by-time training sequence. Subject-boundary lags are therefore not reset by tscount and this baseline should be interpreted cautiously.",34,"14,46"
35,"nb_glmm",TRUE,NA,"nbinom",5.07670112541547,NA,35,"15,31"
35,"tscount_tsglm",TRUE,NA,"nbinom",2.73839757684249,"Exploratory panel surrogate: tscount::tsglm is fit to the pooled subject-by-time training sequence. Subject-boundary lags are therefore not reset by tscount and this baseline should be interpreted cautiously.",35,"15,31"
